"ID","no_financial_services","other_only","mm_only","mm_plus"
"2352",0,0.21,0.79,0
"8208",0.044,0.182,0.772,0.002
"2785",0.012,0.202,0.786,0
"2967",0.444,0.024,0.06,0.472
"1697",0.01,0.14,0.85,0
"4794",0.05,0.1,0.85,0
"2675",0.022,0.202,0.704,0.072
"2989",0,0.144,0.856,0
"1634",0.212,0.058,0.118,0.612
"4147",0.018,0.1,0.882,0
"8003",0.196,0.114,0.67,0.02
"1058",0.36,0.044,0.328,0.268
"8172",0.586,0.05,0.088,0.276
"2640",0.432,0.006,0.074,0.488
"1233",0.03,0.142,0.812,0.016
"8632",0.004,0.224,0.772,0
"4548",0.132,0.11,0.732,0.026
"1032",0.268,0.03,0.086,0.616
"270",0,0.114,0.884,0.002
"5516",0.414,0.074,0.476,0.036
"1289",0.004,0.182,0.81,0.004
"376",0.334,0.046,0.39,0.23
"5856",0,0.02,0.98,0
"2588",0,0.086,0.914,0
"1348",0.016,0.234,0.75,0
"8391",0.004,0.066,0.93,0
"2616",0.428,0.012,0.092,0.468
"5154",0.02,0.208,0.772,0
"869",0.68,0.01,0.048,0.262
"6625",0.606,0,0.108,0.286
"1423",0.012,0.232,0.756,0
"2276",0.04,0.21,0.748,0.002
"4252",0.16,0.154,0.648,0.038
"1311",0.016,0.112,0.872,0
"1534",0.002,0.146,0.852,0
"4059",0.008,0.144,0.848,0
"970",0.628,0.06,0.038,0.274
"1712",0.064,0.25,0.68,0.006
"588",0.012,0.148,0.84,0
"252",0.034,0.114,0.848,0.004
"2204",0.426,0,0,0.574
"6038",0.64,0.058,0.108,0.194
"64",0,0.006,0.994,0
"1873",0,0.068,0.932,0
"1627",0.526,0,0.006,0.468
"1052",0.002,0.364,0.632,0.002
"1391",0.004,0.042,0.952,0.002
"4800",0.002,0.16,0.834,0.004
"3958",0.004,0.136,0.86,0
"4351",0.002,0.076,0.922,0
"241",0,0.142,0.858,0
"6626",0.02,0.31,0.67,0
"1948",0.004,0.16,0.836,0
"6748",0.658,0.09,0.066,0.186
"14",0.17,0.076,0.694,0.06
"1709",0.05,0.202,0.738,0.01
"6893",0.062,0.194,0.738,0.006
"6183",0.376,0.014,0.022,0.588
"4650",0.572,0,0.024,0.404
"4039",0.672,0.016,0.14,0.172
"566",0.12,0.096,0.726,0.058
"5108",0.01,0.016,0.974,0
"378",0,0.16,0.84,0
"2374",0,0.03,0.97,0
"5703",0.042,0.202,0.754,0.002
"365",0.08,0.178,0.734,0.008
"3048",0.106,0.29,0.466,0.138
"363",0.01,0.12,0.87,0
"6190",0.034,0.264,0.696,0.006
"4505",0.026,0.146,0.786,0.042
"1513",0.02,0.168,0.81,0.002
"3475",0.006,0.186,0.794,0.014
"768",0.126,0.102,0.634,0.138
"4673",0.128,0.256,0.56,0.056
"2924",0,0.306,0.694,0
"5199",0.004,0.154,0.842,0
"6079",0.054,0.2,0.572,0.174
"39",0.018,0.2,0.774,0.008
"3518",0.002,0.11,0.888,0
"1576",0.828,0.042,0.108,0.022
"835",0.002,0.194,0.802,0.002
"1356",0.454,0.002,0.024,0.52
"1355",0.004,0.066,0.93,0
"7353",0.032,0.248,0.716,0.004
"1894",0.4,0.074,0.05,0.476
"5722",0,0.072,0.928,0
"6712",0.004,0.096,0.9,0
"9172",0.16,0.108,0.67,0.062
"258",0,0.224,0.776,0
"1023",0.574,0.198,0.064,0.164
"674",0.034,0.32,0.646,0
"2230",0.626,0.074,0.092,0.208
"5386",0.096,0.136,0.766,0.002
"9017",0.008,0.322,0.67,0
"2819",0.434,0.006,0.02,0.54
"8998",0.62,0.004,0.02,0.356
"5181",0.044,0.102,0.844,0.01
"2131",0.01,0.078,0.912,0
"1087",0.002,0.102,0.894,0.002
"4144",0.446,0.066,0.184,0.304
"7239",0.066,0.192,0.704,0.038
"6119",0.562,0.008,0.26,0.17
"3839",0.012,0.132,0.854,0.002
"4847",0.638,0.026,0.046,0.29
"553",0.036,0.15,0.746,0.068
"6917",0.098,0.152,0.712,0.038
"8430",0.444,0.118,0.22,0.218
"6201",0.002,0.06,0.938,0
"4062",0.676,0.008,0.038,0.278
"5123",0.02,0.172,0.798,0.01
"5442",0.022,0.284,0.67,0.024
"610",0.25,0.032,0.052,0.666
"1631",0.606,0.016,0.076,0.302
"2177",0.75,0.046,0.04,0.164
"7282",0.004,0.114,0.882,0
"5140",0.052,0.112,0.83,0.006
"2980",0,0.184,0.814,0.002
"391",0.056,0.306,0.62,0.018
"5579",0.636,0.046,0.026,0.292
"3740",0.652,0.01,0.05,0.288
"5447",0.328,0.062,0.6,0.01
"6998",0.016,0.248,0.732,0.004
"3778",0.446,0.032,0.012,0.51
"3366",0.412,0.004,0.128,0.456
"3445",0.182,0.124,0.014,0.68
"1366",0.002,0.19,0.808,0
"3312",0.022,0.34,0.624,0.014
"2962",0.566,0.022,0.044,0.368
"4659",0.562,0.066,0.226,0.146
"6506",0.028,0.356,0.612,0.004
"4456",0.018,0.446,0.512,0.024
"5735",0.588,0.004,0.016,0.392
"1622",0.462,0.084,0.06,0.394
"537",0.002,0.128,0.87,0
"1493",0,0.018,0.982,0
"47",0.004,0.054,0.942,0
"2517",0.05,0.106,0.774,0.07
"5544",0.002,0.058,0.938,0.002
"9196",0.006,0.006,0.988,0
"86",0.08,0.128,0.75,0.042
"8598",0,0.026,0.972,0.002
"4970",0,0.084,0.916,0
"4291",0.058,0.23,0.712,0
"3503",0.546,0.094,0.122,0.238
"5084",0.016,0.194,0.788,0.002
"5453",0,0.086,0.914,0
"1912",0.002,0.174,0.824,0
"8833",0.006,0.182,0.81,0.002
"8564",0.56,0.014,0.036,0.39
"7635",0.028,0.108,0.864,0
"1573",0.052,0.118,0.83,0
"8148",0.02,0.056,0.912,0.012
"7511",0.67,0.004,0.038,0.288
"5477",0.002,0.234,0.764,0
"5070",0.046,0.386,0.568,0
"4710",0.096,0.134,0.744,0.026
"1990",0.024,0.194,0.768,0.014
"9124",0.022,0.248,0.73,0
"3574",0,0.178,0.822,0
"7919",0.006,0.326,0.668,0
"7298",0.006,0.08,0.914,0
"7328",0.716,0.02,0.002,0.262
"5360",0.082,0.144,0.746,0.028
"2899",0.118,0.198,0.668,0.016
"2323",0.038,0.154,0.804,0.004
"4299",0.01,0.234,0.756,0
"7124",0,0.064,0.936,0
"4244",0.014,0.068,0.918,0
"458",0.002,0.138,0.86,0
"4406",0.038,0.108,0.846,0.008
"8066",0.112,0.172,0.692,0.024
"7823",0.318,0.106,0.176,0.4
"6502",0.81,0.006,0.012,0.172
"6295",0.006,0.228,0.76,0.006
"2612",0.476,0.172,0.12,0.232
"3540",0.108,0.16,0.65,0.082
"3569",0.006,0.05,0.944,0
"5467",0.04,0.344,0.592,0.024
"2100",0.176,0.314,0.49,0.02
"2806",0.002,0.038,0.96,0
"126",0.002,0.036,0.962,0
"5114",0.002,0.294,0.696,0.008
"465",0.002,0.086,0.902,0.01
"7488",0.03,0.21,0.75,0.01
"813",0.164,0.088,0.104,0.644
"6827",0.004,0.09,0.906,0
"122",0.02,0.05,0.916,0.014
"1225",0,0.074,0.926,0
"1402",0.046,0.116,0.828,0.01
"78",0.032,0.214,0.754,0
"1522",0.44,0.048,0.272,0.24
"7196",0.072,0.17,0.742,0.016
"2518",0,0.062,0.938,0
"7092",0.006,0.11,0.884,0
"2530",0.044,0.054,0.888,0.014
"6166",0.5,0.022,0.126,0.352
"585",0.022,0.04,0.938,0
"8610",0.038,0.246,0.696,0.02
"174",0.01,0.058,0.932,0
"7615",0.7,0.022,0.008,0.27
"79",0.002,0.066,0.932,0
"6906",0,0.048,0.952,0
"2001",0.002,0.08,0.918,0
"7087",0.014,0.098,0.888,0
"8958",0.018,0.302,0.67,0.01
"6110",0.006,0.144,0.846,0.004
"2803",0.03,0.256,0.688,0.026
"239",0.004,0.05,0.946,0
"8880",0,0.314,0.686,0
"4462",0.116,0.122,0.75,0.012
"3030",0.374,0.03,0.018,0.578
"8895",0.046,0.076,0.874,0.004
"2705",0.496,0.004,0.004,0.496
"1892",0.006,0.278,0.716,0
"8894",0.2,0.146,0.626,0.028
"9415",0,0.032,0.968,0
"7218",0.364,0.07,0.558,0.008
"1193",0,0.012,0.988,0
"25",0.076,0.156,0.718,0.05
"3038",0.098,0.102,0.756,0.044
"6365",0.044,0.176,0.776,0.004
"1730",0.024,0.192,0.78,0.004
"7550",0.018,0.094,0.888,0
"5787",0.022,0.144,0.834,0
"7460",0.298,0.04,0.356,0.306
"6776",0.554,0.106,0.252,0.088
"6813",0.544,0.062,0.126,0.268
"7490",0.05,0.112,0.822,0.016
"6442",0.516,0.024,0.05,0.41
"791",0.004,0.126,0.87,0
"8324",0.008,0.314,0.674,0.004
"5474",0.026,0.234,0.736,0.004
"3735",0.1,0.334,0.534,0.032
"9256",0.008,0.19,0.802,0
"9250",0.062,0.542,0.342,0.054
"2651",0.002,0.078,0.92,0
"351",0.048,0.186,0.756,0.01
"8997",0.56,0.008,0.012,0.42
"3443",0,0.11,0.89,0
"8141",0.002,0.086,0.912,0
"2220",0.516,0.036,0.268,0.18
"6467",0.042,0.134,0.81,0.014
"1143",0.042,0.468,0.49,0
"6971",0.566,0.006,0.016,0.412
"5461",0.58,0.006,0.028,0.386
"7577",0.024,0.082,0.892,0.002
"6727",0.006,0.288,0.7,0.006
"4339",0.01,0.166,0.822,0.002
"8271",0.67,0.066,0.066,0.198
"8270",0.554,0.014,0.03,0.402
"2411",0.03,0.278,0.67,0.022
"611",0.418,0.014,0.032,0.536
"2400",0.004,0.166,0.83,0
"3719",0.004,0.128,0.868,0
"1206",0.284,0.072,0.62,0.024
"4400",0.768,0.004,0.014,0.214
"7234",0.018,0.096,0.886,0
"6770",0.53,0.122,0.1,0.248
"5885",0.024,0.19,0.786,0
"5464",0.074,0.26,0.546,0.12
"9236",0.082,0.172,0.742,0.004
"5760",0.026,0.182,0.762,0.03
"3090",0.012,0.362,0.626,0
"1728",0.024,0.232,0.728,0.016
"182",0.006,0.21,0.774,0.01
"654",0,0.094,0.906,0
"7595",0.004,0.056,0.938,0.002
"3610",0.046,0.096,0.85,0.008
"3833",0.048,0.13,0.818,0.004
"3570",0.016,0.212,0.77,0.002
"1704",0.008,0.202,0.79,0
"3317",0.062,0.058,0.866,0.014
"7417",0.412,0.168,0.19,0.23
"4307",0.066,0.194,0.72,0.02
"3857",0.046,0.056,0.896,0.002
"3856",0.524,0.156,0.226,0.094
"7446",0.752,0.006,0.066,0.176
"1612",0.044,0.238,0.704,0.014
"5861",0.008,0.142,0.85,0
"9341",0.012,0.222,0.752,0.014
"5502",0.026,0.146,0.828,0
"8389",0.014,0.276,0.704,0.006
"3086",0,0.142,0.858,0
"9269",0.014,0.612,0.362,0.012
"1607",0,0.108,0.892,0
"6806",0.012,0.202,0.784,0.002
"456",0.072,0.236,0.682,0.01
"546",0.03,0.39,0.576,0.004
"6962",0.01,0.182,0.806,0.002
"342",0.538,0.016,0.012,0.434
"883",0.014,0.31,0.666,0.01
"8918",0.006,0.074,0.918,0.002
"1659",0.558,0.112,0.142,0.188
"704",0.014,0.216,0.766,0.004
"769",0.184,0.204,0.512,0.1
"2682",0.012,0.23,0.758,0
"7969",0.04,0.032,0.92,0.008
"8886",0.504,0.114,0.184,0.198
"5759",0.06,0.29,0.54,0.11
"7479",0.03,0.26,0.696,0.014
"1340",0,0.236,0.764,0
"8558",0.654,0.064,0.02,0.262
"7177",0.41,0.01,0.002,0.578
"8276",0.002,0.312,0.684,0.002
"6460",0,0.08,0.92,0
"3250",0,0.074,0.926,0
"5035",0.21,0.06,0.126,0.604
"8878",0.486,0.012,0.018,0.484
"1953",0.004,0.166,0.83,0
"5028",0,0.236,0.764,0
"3466",0.004,0.352,0.644,0
"9084",0.05,0.112,0.824,0.014
"7337",0.444,0.068,0.096,0.392
"3035",0.002,0.262,0.734,0.002
"5968",0.556,0.044,0.13,0.27
"775",0.17,0.164,0.542,0.124
"3659",0.028,0.126,0.832,0.014
"5893",0.496,0.022,0.126,0.356
"5454",0.004,0.116,0.878,0.002
"1096",0.196,0.192,0.57,0.042
"8692",0.048,0.444,0.498,0.01
"660",0.082,0.412,0.436,0.07
"3078",0.482,0.038,0.088,0.392
"2337",0.48,0.034,0.196,0.29
"4634",0.024,0.26,0.716,0
"3835",0.698,0.026,0,0.276
"1121",0.34,0.046,0.252,0.362
"1559",0.052,0.054,0.892,0.002
"4072",0.834,0.018,0.018,0.13
"3291",0.046,0.396,0.552,0.006
"3194",0.332,0.094,0.258,0.316
"5745",0.56,0.106,0.092,0.242
"6186",0,0.112,0.888,0
"9010",0.166,0.146,0.672,0.016
"9455",0.406,0.062,0.012,0.52
"8334",0.032,0.348,0.618,0.002
"4766",0.516,0.018,0.024,0.442
"6988",0.35,0.036,0.056,0.558
"2120",0.124,0.142,0.618,0.116
"5268",0.09,0.256,0.632,0.022
"5343",0.386,0.25,0.082,0.282
"5256",0.29,0.028,0.424,0.258
"7247",0.068,0.172,0.75,0.01
"4380",0.004,0.272,0.724,0
"8474",0.08,0.296,0.492,0.132
"2754",0.22,0.002,0.002,0.776
"1710",0.038,0.454,0.472,0.036
"6164",0.342,0.054,0.236,0.368
"863",0.016,0.378,0.594,0.012
"7359",0.006,0.206,0.788,0
"1227",0.524,0.018,0.172,0.286
"724",0.626,0.022,0.086,0.266
"635",0,0.084,0.914,0.002
"1923",0.024,0.09,0.878,0.008
"7325",0.5,0.064,0.01,0.426
"6746",0.534,0.02,0.026,0.42
"3256",0.02,0.178,0.798,0.004
"979",0.338,0.096,0.112,0.454
"975",0.096,0.296,0.494,0.114
"7152",0.738,0.012,0.056,0.194
"4709",0.048,0.046,0.898,0.008
"1173",0.574,0.024,0.022,0.38
"3249",0.014,0.316,0.654,0.016
"6529",0.004,0.09,0.906,0
"2368",0,0.134,0.866,0
"5073",0.004,0.088,0.908,0
"3567",0.006,0.028,0.966,0
"7622",0.054,0.214,0.71,0.022
"5340",0.038,0.196,0.734,0.032
"6223",0.752,0,0.026,0.222
"8204",0.006,0.122,0.87,0.002
"9153",0.314,0.086,0.2,0.4
"7076",0.048,0.376,0.568,0.008
"2676",0.006,0.368,0.618,0.008
"8202",0.008,0.096,0.896,0
"6224",0.048,0.212,0.72,0.02
"3603",0.002,0.056,0.942,0
"2674",0.078,0.23,0.536,0.156
"1641",0.086,0.224,0.666,0.024
"7256",0,0.162,0.838,0
"1545",0,0.266,0.734,0
"3828",0.31,0.004,0.024,0.662
"4865",0.742,0.012,0.106,0.14
"5326",0.014,0.076,0.91,0
"936",0,0.056,0.944,0
"204",0,0.148,0.852,0
"7470",0.014,0.018,0.966,0.002
"315",0.016,0.17,0.814,0
"196",0.006,0.038,0.956,0
"1005",0,0.02,0.98,0
"2186",0,0.008,0.992,0
"2850",0,0.036,0.964,0
"7105",0.008,0.166,0.826,0
"529",0,0.034,0.966,0
"3408",0.004,0.078,0.918,0
"2567",0.01,0.026,0.958,0.006
"603",0.002,0.08,0.914,0.004
"2885",0.038,0.088,0.866,0.008
"2461",0.002,0.092,0.906,0
"3971",0.02,0.098,0.874,0.008
"2281",0.02,0.144,0.76,0.076
"9342",0.032,0.218,0.738,0.012
"5207",0,0.014,0.986,0
"3051",0.002,0.252,0.746,0
"8175",0,0.152,0.848,0
"6302",0,0.036,0.964,0
"5603",0.002,0.242,0.706,0.05
"8713",0,0.098,0.9,0.002
"1367",0.002,0.192,0.802,0.004
"2548",0.004,0.008,0.988,0
"2460",0.004,0.004,0.992,0
"6697",0.004,0.12,0.876,0
"5944",0.016,0.1,0.876,0.008
"6576",0.02,0.236,0.74,0.004
"913",0.002,0.072,0.926,0
"8905",0,0.024,0.972,0.004
"658",0.08,0.208,0.644,0.068
"3499",0,0.046,0.954,0
"703",0.092,0.028,0.864,0.016
"7734",0.004,0.068,0.926,0.002
"2119",0.004,0.002,0.994,0
"6180",0.032,0.116,0.842,0.01
"7573",0.018,0.048,0.932,0.002
"5262",0,0.012,0.988,0
"7579",0.098,0.006,0.876,0.02
"4181",0.004,0.032,0.964,0
"520",0.002,0.096,0.902,0
"9441",0,0.074,0.926,0
"2804",0.004,0.104,0.89,0.002
"7454",0.012,0.162,0.826,0
"2760",0.046,0.072,0.87,0.012
"7180",0.044,0.066,0.886,0.004
"5004",0.004,0.138,0.856,0.002
"2590",0.004,0.298,0.696,0.002
"935",0.004,0.04,0.954,0.002
"4941",0.38,0.078,0.11,0.432
"2879",0.012,0.116,0.858,0.014
"123",0.032,0.19,0.778,0
"6393",0.004,0.066,0.93,0
"1297",0,0.076,0.924,0
"250",0.032,0.046,0.91,0.012
"1134",0.432,0.036,0.364,0.168
"8565",0.324,0.062,0.368,0.246
"7783",0.02,0.374,0.602,0.004
"387",0,0.036,0.964,0
"5801",0.002,0.208,0.79,0
"705",0,0.144,0.856,0
"1621",0.002,0.178,0.82,0
"6762",0,0.006,0.994,0
"487",0,0.064,0.936,0
"353",0.04,0.198,0.706,0.056
"749",0.02,0.062,0.918,0
"8127",0.002,0.094,0.904,0
"330",0.106,0.154,0.648,0.092
"4193",0.134,0.146,0.71,0.01
"4545",0.468,0.056,0.012,0.464
"7782",0.56,0.052,0.006,0.382
"1593",0.462,0.004,0.034,0.5
"3378",0.618,0.032,0.004,0.346
"5182",0.506,0.194,0.008,0.292
"7525",0.496,0.008,0.012,0.484
"2173",0.55,0.006,0.008,0.436
"6156",0.088,0.432,0.426,0.054
"6568",0.272,0.044,0,0.684
"7942",0.648,0.024,0,0.328
"6653",0.646,0.076,0.01,0.268
"3117",0.018,0.17,0.812,0
"4755",0.442,0.076,0.322,0.16
"7571",0.172,0.126,0.612,0.09
"1620",0.61,0.028,0.226,0.136
"4096",0.034,0.244,0.708,0.014
"4004",0.648,0.06,0.14,0.152
"9018",0.466,0.11,0.214,0.21
"1057",0.142,0.036,0.034,0.788
"6558",0.302,0.028,0.012,0.658
"3866",0.616,0.014,0.012,0.358
"941",0.224,0.108,0.12,0.548
"2694",0.618,0.008,0.016,0.358
"4873",0.01,0.172,0.814,0.004
"2251",0.624,0.012,0.016,0.348
"4855",0.222,0.018,0.212,0.548
"5415",0.39,0.054,0.018,0.538
"7144",0.67,0.03,0.078,0.222
"3176",0.548,0.004,0.064,0.384
"4987",0.006,0.132,0.856,0.006
"3278",0.174,0.33,0.274,0.222
"4133",0.296,0.082,0.376,0.246
"8959",0.592,0.016,0.056,0.336
"3097",0.002,0.088,0.902,0.008
"3617",0.014,0.132,0.838,0.016
"6649",0.472,0,0.016,0.512
"4791",0.316,0.124,0.182,0.378
"8212",0.126,0.352,0.34,0.182
"7968",0.528,0.008,0.304,0.16
"5631",0.456,0.012,0.018,0.514
"5202",0.032,0.2,0.686,0.082
"7207",0.396,0.048,0.082,0.474
"890",0.078,0.1,0.734,0.088
"3779",0.044,0.168,0.786,0.002
"3024",0.626,0.066,0.124,0.184
"3669",0.038,0.43,0.53,0.002
"5223",0.004,0.066,0.93,0
"7275",0,0.164,0.836,0
"7459",0.788,0.004,0.048,0.16
"3547",0.002,0.164,0.834,0
"888",0.134,0.398,0.428,0.04
"207",0,0.264,0.706,0.03
"5413",0.03,0.132,0.8,0.038
"5833",0.366,0.11,0.236,0.288
"9221",0.006,0.052,0.942,0
"2151",0.598,0.006,0.106,0.29
"7096",0.932,0.002,0.002,0.064
"2948",0.02,0.14,0.84,0
"3583",0.73,0.008,0.028,0.234
"2056",0.666,0.006,0.012,0.316
"3560",0.03,0.14,0.82,0.01
"6876",0.052,0.312,0.606,0.03
"6440",0.008,0.032,0.958,0.002
"6350",0.288,0.002,0.028,0.682
"4829",0.038,0.32,0.632,0.01
"9192",0,0.234,0.766,0
"4290",0.074,0.366,0.542,0.018
"8320",0.386,0.024,0.054,0.536
"9150",0.04,0.18,0.678,0.102
"3777",0.526,0.02,0.202,0.252
"7103",0.666,0.026,0.082,0.226
"4412",0.008,0.162,0.83,0
"4712",0.682,0,0.082,0.236
"7478",0.002,0.254,0.744,0
"6433",0,0.112,0.888,0
"8984",0.18,0.076,0.71,0.034
"3870",0.736,0.002,0.004,0.258
"4428",0.014,0.052,0.934,0
"1053",0.07,0.116,0.758,0.056
"6242",0.034,0.084,0.88,0.002
"3138",0.572,0.01,0.032,0.386
"6142",0.01,0.132,0.858,0
"3295",0.036,0.164,0.778,0.022
"4795",0.612,0.024,0.052,0.312
"8020",0.646,0.006,0.048,0.3
"1837",0.002,0.158,0.838,0.002
"3776",0.214,0.13,0.622,0.034
"5080",0.026,0.148,0.824,0.002
"33",0.02,0.104,0.872,0.004
"6251",0.002,0.148,0.85,0
"514",0,0.084,0.914,0.002
"5667",0.068,0.314,0.556,0.062
"5039",0.002,0.27,0.726,0.002
"3412",0.888,0,0.032,0.08
"3752",0.1,0.136,0.228,0.536
"7330",0.01,0.072,0.918,0
"1777",0.068,0.298,0.598,0.036
"388",0,0.198,0.792,0.01
"8193",0.046,0.23,0.722,0.002
"7304",0.05,0.134,0.814,0.002
"7745",0.006,0.038,0.956,0
"4280",0.078,0.278,0.628,0.016
"9283",0.002,0.168,0.83,0
"8361",0.642,0.006,0.012,0.34
"3861",0.578,0.08,0.08,0.262
"3240",0.288,0.022,0.158,0.532
"4033",0.072,0.224,0.618,0.086
"8380",0.206,0.008,0.06,0.726
"4344",0.3,0.302,0.13,0.268
"8015",0.436,0.01,0.002,0.552
"1083",0.016,0.116,0.864,0.004
"5272",0.098,0.28,0.586,0.036
"8559",0.382,0.006,0.016,0.596
"7486",0.046,0.404,0.53,0.02
"3382",0.496,0.012,0.022,0.47
"2671",0.006,0.188,0.806,0
"8772",0.026,0.388,0.566,0.02
"2622",0.02,0.068,0.912,0
"7686",0.16,0.142,0.62,0.078
"6739",0.796,0.016,0.04,0.148
"4558",0.566,0.002,0.098,0.334
"1639",0.036,0.15,0.78,0.034
"8252",0.454,0.008,0.122,0.416
"2752",0.004,0.06,0.936,0
"5803",0.004,0.134,0.862,0
"6597",0.022,0.142,0.836,0
"6854",0.032,0.1,0.866,0.002
"1237",0.002,0.216,0.782,0
"4761",0.002,0.27,0.724,0.004
"7909",0.338,0.048,0.05,0.564
"6880",0.186,0.164,0.588,0.062
"9072",0.046,0.384,0.564,0.006
"2163",0.458,0.006,0.096,0.44
"4883",0.018,0.198,0.78,0.004
"3813",0.86,0,0.01,0.13
"6320",0.04,0.108,0.842,0.01
"4691",0.676,0.002,0.01,0.312
"8368",0.48,0.006,0.034,0.48
"6570",0.782,0.062,0.062,0.094
"1127",0.522,0.012,0.064,0.402
"4491",0,0.128,0.872,0
"2110",0.752,0.012,0.014,0.222
"9119",0.07,0.264,0.656,0.01
"2970",0.05,0.282,0.574,0.094
"6487",0.03,0.196,0.756,0.018
"8805",0.438,0.004,0.058,0.5
"4153",0.142,0.178,0.676,0.004
"6621",0.598,0.016,0.09,0.296
"6026",0.654,0.032,0.056,0.258
"4546",0.342,0,0.002,0.656
"2169",0.788,0.022,0.036,0.154
"7445",0.842,0.002,0.002,0.154
"7731",0.056,0.256,0.688,0
"5741",0.054,0.238,0.702,0.006
"6265",0.538,0.006,0.006,0.45
"1221",0.356,0.092,0.348,0.204
"3037",0.538,0.012,0.058,0.392
"5996",0.008,0.356,0.634,0.002
"4160",0.282,0.004,0.024,0.69
"6136",0.076,0.09,0.806,0.028
"3463",0.012,0.11,0.878,0
"5644",0.366,0.052,0.054,0.528
"8044",0.792,0.004,0.104,0.1
"7721",0.654,0.01,0.014,0.322
"6484",0.478,0.014,0.064,0.444
"3320",0.402,0.018,0.292,0.288
"1771",0.474,0.008,0.018,0.5
"6804",0.018,0.282,0.668,0.032
"6754",0.28,0.126,0.366,0.228
"8341",0.5,0.068,0.276,0.156
"1379",0.726,0.002,0.04,0.232
"820",0.608,0.002,0.002,0.388
"4003",0.544,0,0.008,0.448
"7362",0.1,0.16,0.682,0.058
"823",0.188,0.082,0.238,0.492
"7332",0.094,0.192,0.668,0.046
"3215",0.112,0.292,0.464,0.132
"3476",0.048,0.22,0.706,0.026
"2079",0.564,0.002,0.04,0.394
"847",0.008,0.236,0.746,0.01
"380",0.54,0.002,0.01,0.448
"5738",0.286,0.038,0.054,0.622
"159",0.01,0.338,0.642,0.01
"4666",0.092,0.416,0.428,0.064
"685",0.208,0.104,0.036,0.652
"639",0.012,0.304,0.608,0.076
"5410",0.16,0.552,0.224,0.064
"7917",0.006,0.062,0.932,0
"3584",0.666,0.002,0.022,0.31
"3068",0.592,0.052,0.076,0.28
"3689",0.076,0.216,0.704,0.004
"6319",0.11,0.194,0.58,0.116
"3401",0.598,0.126,0.104,0.172
"4061",0.236,0.238,0.482,0.044
"3585",0.472,0.064,0.02,0.444
"7611",0.53,0.004,0.006,0.46
"4152",0.308,0.246,0.33,0.116
"3221",0.084,0.194,0.688,0.034
"2275",0.02,0.078,0.89,0.012
"5794",0.578,0.012,0.006,0.404
"6755",0.458,0.002,0.008,0.532
"4231",0.062,0.236,0.692,0.01
"7487",0.114,0.258,0.628,0
"8406",0.03,0.318,0.646,0.006
"8744",0.654,0.014,0.006,0.326
"4053",0.536,0.01,0.008,0.446
"4882",0.604,0.002,0.004,0.39
"6707",0.252,0.064,0.456,0.228
"849",0,0.07,0.93,0
"4137",0.53,0.046,0.048,0.376
"1257",0.47,0.006,0.064,0.46
"7678",0.388,0.012,0.056,0.544
"7834",0.45,0.048,0.092,0.41
"1082",0.354,0.022,0.176,0.448
"1499",0.026,0.362,0.572,0.04
"9015",0.7,0.026,0.034,0.24
"7078",0.342,0.066,0.096,0.496
"5931",0.168,0.002,0.004,0.826
"7462",0.006,0.148,0.84,0.006
"2786",0.178,0.174,0.622,0.026
"582",0.01,0.17,0.808,0.012
"1928",0.006,0.084,0.91,0
"2922",0,0.138,0.862,0
"189",0.002,0.308,0.688,0.002
"4187",0.01,0.234,0.752,0.004
"265",0.146,0.136,0.618,0.1
"1876",0,0.078,0.922,0
"5263",0.026,0.142,0.818,0.014
"2418",0.01,0.138,0.852,0
"592",0.008,0.278,0.714,0
"472",0.078,0.322,0.548,0.052
"9",0.066,0.348,0.484,0.102
"2431",0.002,0.12,0.876,0.002
"4114",0.028,0.164,0.762,0.046
"7708",0.194,0.06,0.024,0.722
"83",0,0.044,0.954,0.002
"6456",0.526,0.002,0.036,0.436
"1170",0.02,0.14,0.84,0
"5852",0.022,0.098,0.876,0.004
"1957",0.744,0.068,0.05,0.138
"3918",0.798,0.002,0.038,0.162
"349",0.004,0.124,0.872,0
"7729",0,0.066,0.934,0
"2727",0,0.01,0.99,0
"3237",0,0.04,0.96,0
"8715",0.002,0.118,0.88,0
"4854",0,0.226,0.772,0.002
"649",0.008,0.12,0.872,0
"1761",0.064,0.112,0.822,0.002
"1563",0.418,0.08,0.146,0.356
"7307",0.012,0.114,0.874,0
"345",0.036,0.062,0.896,0.006
"733",0.022,0.134,0.844,0
"7860",0.004,0.09,0.906,0
"653",0.394,0.062,0.334,0.21
"143",0.018,0.134,0.846,0.002
"346",0.062,0.156,0.776,0.006
"2684",0.438,0.068,0.034,0.46
"1535",0.018,0.218,0.726,0.038
"7164",0.034,0.182,0.77,0.014
"593",0,0.036,0.964,0
"699",0.002,0.132,0.866,0
"1272",0,0.106,0.894,0
"4695",0,0.114,0.886,0
"40",0.536,0.018,0.03,0.416
"139",0.05,0.126,0.75,0.074
"66",0.066,0.288,0.636,0.01
"9279",0.016,0.178,0.798,0.008
"6215",0.258,0.178,0.26,0.304
"2886",0.01,0.104,0.882,0.004
"5628",0.028,0.024,0.946,0.002
"602",0.004,0.142,0.852,0.002
"7299",0.066,0.162,0.77,0.002
"7115",0.004,0.124,0.87,0.002
"6787",0.562,0.106,0.186,0.146
"4269",0,0.146,0.854,0
"2221",0,0.03,0.97,0
"7167",0.014,0.038,0.944,0.004
"9193",0.004,0.242,0.754,0
"5404",0.008,0.186,0.798,0.008
"6936",0.158,0.162,0.642,0.038
"7461",0.654,0.004,0.022,0.32
"1548",0.006,0.236,0.742,0.016
"227",0.002,0.052,0.946,0
"7296",0.028,0.226,0.742,0.004
"94",0.052,0.202,0.668,0.078
"23",0.084,0.082,0.81,0.024
"6284",0.012,0.066,0.922,0
"971",0.06,0.13,0.722,0.088
"974",0.05,0.05,0.886,0.014
"4058",0.004,0.082,0.912,0.002
"695",0,0.07,0.93,0
"8511",0.002,0.118,0.876,0.004
"9226",0.008,0.1,0.89,0.002
"1989",0.004,0.058,0.938,0
"5530",0.698,0.02,0.094,0.188
"2955",0.014,0.038,0.946,0.002
"408",0.172,0.156,0.562,0.11
"7643",0.012,0.022,0.964,0.002
"1148",0.024,0.29,0.686,0
"1056",0.006,0.166,0.824,0.004
"168",0.012,0.192,0.788,0.008
"6202",0.036,0.232,0.566,0.166
"410",0.046,0.114,0.756,0.084
"240",0,0.108,0.892,0
"2492",0.016,0.15,0.828,0.006
"5441",0.104,0.144,0.712,0.04
"479",0.054,0.136,0.756,0.054
"5731",0.27,0.086,0.528,0.116
"7266",0,0.034,0.966,0
"533",0.004,0.024,0.972,0
"3313",0.024,0.104,0.872,0
"2434",0,0.058,0.942,0
"4846",0.05,0.242,0.696,0.012
"444",0.032,0.396,0.566,0.006
"1523",0.004,0.138,0.854,0.004
"454",0.394,0.112,0.248,0.246
"6546",0.004,0.078,0.918,0
"384",0.016,0.276,0.708,0
"355",0,0.074,0.92,0.006
"4093",0.078,0.142,0.77,0.01
"2626",0.018,0.092,0.882,0.008
"140",0.014,0.09,0.894,0.002
"6572",0.136,0.358,0.422,0.084
"152",0.002,0.038,0.96,0
"469",0.296,0.062,0.408,0.234
"5621",0.406,0.018,0.106,0.47
"662",0.004,0.064,0.932,0
"3260",0.236,0.102,0.132,0.53
"803",0.022,0.202,0.774,0.002
"5203",0.05,0.04,0.902,0.008
"6538",0.002,0.02,0.978,0
"8048",0.016,0.104,0.872,0.008
"7772",0.434,0.054,0.262,0.25
"300",0.008,0.318,0.672,0.002
"1101",0.214,0.098,0.142,0.546
"7058",0.598,0.004,0.026,0.372
"1013",0.016,0.358,0.598,0.028
"6289",0.586,0.008,0.038,0.368
"6426",0.63,0.084,0.006,0.28
"5756",0.78,0.018,0.012,0.19
"3938",0.516,0.074,0.008,0.402
"6902",0.212,0.352,0.38,0.056
"2071",0.386,0.016,0.006,0.592
"5641",0.414,0.14,0.112,0.334
"5507",0.494,0.198,0.006,0.302
"4100",0.562,0.01,0.014,0.414
"5618",0.394,0.024,0.038,0.544
"6144",0.542,0.082,0.016,0.36
"2404",0.436,0.204,0,0.36
"7472",0.616,0.01,0.016,0.358
"7865",0.032,0.592,0.354,0.022
"2170",0.164,0.242,0.544,0.05
"3852",0.742,0.022,0.05,0.186
"780",0,0.042,0.958,0
"441",0.01,0.206,0.776,0.008
"534",0.002,0.014,0.984,0
"5613",0.538,0.004,0.086,0.372
"6955",0.004,0.096,0.9,0
"2774",0.048,0.062,0.88,0.01
"9306",0.72,0.032,0.046,0.202
"3982",0.094,0.194,0.696,0.016
"6323",0.028,0.108,0.818,0.046
"1157",0.484,0.032,0.248,0.236
"6720",0.734,0,0.012,0.254
"2569",0,0.05,0.948,0.002
"9224",0.012,0.164,0.816,0.008
"7186",0.418,0.022,0.054,0.506
"244",0.234,0.122,0.212,0.432
"948",0.434,0.096,0.156,0.314
"5225",0.054,0.164,0.78,0.002
"3410",0.41,0.004,0.04,0.546
"6718",0.11,0.072,0.788,0.03
"4345",0.056,0.212,0.732,0
"3565",0.412,0,0.004,0.584
"5656",0.488,0.026,0.028,0.458
"4208",0.026,0.066,0.908,0
"8209",0.042,0.19,0.754,0.014
"676",0.016,0.234,0.75,0
"7873",0.154,0.084,0.744,0.018
"6811",0.49,0.018,0.048,0.444
"5254",0.006,0.34,0.65,0.004
"6016",0.122,0.322,0.55,0.006
"3142",0.006,0.054,0.94,0
"4289",0.316,0.026,0.32,0.338
"2697",0.41,0.002,0.002,0.586
"8879",0.722,0.006,0.066,0.206
"6540",0.01,0.216,0.766,0.008
"2270",0.04,0.134,0.818,0.008
"6904",0.05,0.182,0.76,0.008
"2192",0.696,0.036,0.076,0.192
"684",0.004,0.048,0.948,0
"6665",0.016,0.186,0.798,0
"4076",0.024,0.398,0.556,0.022
"7013",0.02,0.19,0.774,0.016
"3387",0.252,0.054,0.578,0.116
"4701",0.63,0.02,0.294,0.056
"7671",0.458,0.024,0.064,0.454
"8345",0.002,0.364,0.63,0.004
"6637",0.036,0.314,0.646,0.004
"1176",0.268,0.146,0.276,0.31
"1027",0.006,0.236,0.756,0.002
"217",0.012,0.25,0.738,0
"170",0.072,0.108,0.82,0
"2184",0.354,0.04,0.016,0.59
"7907",0.01,0.142,0.848,0
"3114",0.006,0.104,0.888,0.002
"4399",0.174,0.098,0.704,0.024
"455",0.1,0.12,0.746,0.034
"4626",0.638,0.01,0.036,0.316
"8798",0.506,0.052,0.112,0.33
"3504",0.006,0.282,0.7,0.012
"3664",0.35,0.068,0.204,0.378
"8782",0.108,0.22,0.634,0.038
"9247",0.242,0.008,0.05,0.7
"6023",0.526,0.018,0.13,0.326
"2440",0.002,0.296,0.702,0
"1235",0.2,0.194,0.552,0.054
"49",0.014,0.218,0.758,0.01
"1046",0.016,0.192,0.786,0.006
"3512",0.054,0.416,0.524,0.006
"3356",0.556,0,0.002,0.442
"203",0,0.044,0.956,0
"1417",0.576,0.012,0.07,0.342
"6417",0.04,0.08,0.878,0.002
"3373",0.04,0.298,0.658,0.004
"8101",0.36,0.05,0.436,0.154
"2279",0.008,0.22,0.768,0.004
"5463",0.106,0.228,0.664,0.002
"6721",0.038,0.134,0.82,0.008
"7882",0,0.098,0.902,0
"8873",0.026,0.186,0.788,0
"6325",0.15,0.196,0.59,0.064
"5091",0.418,0.002,0.004,0.576
"2348",0.308,0.024,0.048,0.62
"6012",0.07,0.134,0.052,0.744
"8468",0.14,0.348,0.312,0.2
"7284",0.016,0.28,0.686,0.018
"3681",0.03,0.184,0.766,0.02
"2388",0.798,0,0.052,0.15
"3587",0.61,0.086,0.098,0.206
"8926",0.574,0.002,0.012,0.412
"1895",0.412,0.01,0.086,0.492
"144",0.008,0.212,0.778,0.002
"163",0.008,0.124,0.868,0
"1000",0.022,0.228,0.728,0.022
"7843",0.238,0.14,0.56,0.062
"2731",0.022,0.312,0.646,0.02
"4857",0.02,0.228,0.74,0.012
"8996",0.224,0.182,0.076,0.518
"495",0.032,0.222,0.71,0.036
"6001",0.542,0.004,0.016,0.438
"2649",0.042,0.36,0.584,0.014
"6695",0.01,0.156,0.83,0.004
"5296",0.514,0.02,0.008,0.458
"4391",0.728,0,0.064,0.208
"5251",0.61,0,0.046,0.344
"7435",0.648,0.058,0.072,0.222
"6567",0.586,0.004,0.036,0.374
"3411",0.674,0.03,0.03,0.266
"8642",0.182,0.414,0.302,0.102
"5380",0.024,0.322,0.654,0
"1069",0.426,0.122,0.286,0.166
"4928",0.016,0.072,0.908,0.004
"1650",0.104,0.488,0.308,0.1
"6696",0.008,0.236,0.754,0.002
"3910",0.02,0.034,0.944,0.002
"8763",0.418,0.004,0.068,0.51
"9244",0.534,0,0.006,0.46
"5481",0.228,0.246,0.482,0.044
"3950",0.114,0.124,0.728,0.034
"5451",0.004,0.188,0.804,0.004
"2775",0.022,0.254,0.72,0.004
"3441",0.328,0.168,0.442,0.062
"7019",0.46,0.006,0.14,0.394
"1861",0.136,0.198,0.618,0.048
"2655",0.018,0.31,0.664,0.008
"9354",0.054,0.268,0.676,0.002
"6448",0.714,0.012,0.026,0.248
"8021",0.348,0.122,0.456,0.074
"8908",0.044,0.12,0.832,0.004
"8678",0.016,0.172,0.812,0
"6899",0,0.05,0.95,0
"6825",0.56,0.014,0.05,0.376
"6469",0.564,0.064,0.142,0.23
"2342",0.344,0.046,0.072,0.538
"4665",0.014,0.232,0.736,0.018
"4968",0.012,0.126,0.86,0.002
"8376",0.318,0.156,0.434,0.092
"5659",0.104,0.18,0.714,0.002
"2174",0,0.098,0.896,0.006
"5806",0.344,0.002,0.014,0.64
"4601",0.05,0.414,0.52,0.016
"2516",0.256,0.012,0.24,0.492
"2098",0.044,0.066,0.836,0.054
"1896",0.386,0.098,0.038,0.478
"9043",0.01,0.178,0.812,0
"3703",0.298,0.026,0.182,0.494
"3819",0.026,0.254,0.706,0.014
"631",0.006,0.234,0.758,0.002
"1543",0.088,0.158,0.7,0.054
"2862",0.078,0.302,0.548,0.072
"4454",0.006,0.212,0.778,0.004
"3511",0.67,0.006,0.036,0.288
"2341",0.084,0.19,0.696,0.03
"8251",0.224,0.398,0.206,0.172
"3304",0.516,0.07,0.046,0.368
"5951",0.004,0.238,0.756,0.002
"8630",0.43,0.056,0.058,0.456
"2673",0.096,0.136,0.694,0.074
"9173",0.552,0.01,0.012,0.426
"8675",0.748,0.016,0.036,0.2
"4046",0.024,0.364,0.61,0.002
"1051",0.566,0.026,0.164,0.244
"7432",0.73,0.012,0.012,0.246
"4978",0.496,0.018,0.09,0.396
"1947",0.018,0.358,0.62,0.004
"2570",0.018,0.258,0.722,0.002
"7006",0.446,0.044,0.04,0.47
"2227",0.434,0.03,0.012,0.524
"1475",0.38,0.076,0.034,0.51
"7308",0.252,0.182,0.148,0.418
"1049",0.402,0.022,0.054,0.522
"9353",0.102,0.324,0.56,0.014
"1016",0.268,0.186,0.4,0.146
"968",0.428,0.182,0.06,0.33
"8817",0.298,0.278,0.09,0.334
"3544",0.284,0.082,0.13,0.504
"8661",0.67,0,0.004,0.326
"2939",0.03,0.198,0.766,0.006
"9208",0.01,0.148,0.836,0.006
"2008",0.618,0.03,0.002,0.35
"1490",0.056,0.326,0.616,0.002
"3220",0.588,0.03,0.138,0.244
"2630",0.39,0.12,0.032,0.458
"4919",0.596,0.012,0.052,0.34
"9393",0.564,0.012,0.086,0.338
"8655",0.522,0.002,0.008,0.468
"7125",0.012,0.29,0.692,0.006
"6225",0.044,0.122,0.834,0
"5855",0.28,0.362,0.264,0.094
"3969",0.43,0.032,0.014,0.524
"1521",0.376,0.086,0.072,0.466
"8662",0.36,0.004,0.42,0.216
"4844",0.272,0.016,0.034,0.678
"3642",0.046,0.19,0.744,0.02
"9329",0.002,0.356,0.64,0.002
"494",0.39,0.022,0.252,0.336
"9106",0.646,0.024,0.124,0.206
"6821",0.546,0.09,0.16,0.204
"8479",0.754,0.01,0,0.236
"7755",0.748,0,0.008,0.244
"2580",0.688,0.032,0.088,0.192
"3936",0.112,0.136,0.656,0.096
"6778",0.004,0.174,0.822,0
"9237",0.052,0.054,0.894,0
"8523",0.51,0.014,0,0.476
"8736",0.022,0.21,0.758,0.01
"2891",0.162,0.08,0.716,0.042
"7201",0,0.166,0.834,0
"287",0.02,0.178,0.802,0
"5630",0.67,0.014,0.014,0.302
"3344",0.064,0.242,0.636,0.058
"6923",0.04,0.358,0.572,0.03
"8392",0.004,0.034,0.962,0
"8907",0.046,0.222,0.73,0.002
"1955",0.014,0.06,0.922,0.004
"8718",0.002,0.15,0.848,0
"2595",0.006,0.242,0.75,0.002
"7292",0.144,0.2,0.558,0.098
"7526",0.008,0.172,0.812,0.008
"6364",0.016,0.08,0.902,0.002
"4492",0.072,0.15,0.778,0
"4423",0.074,0.222,0.668,0.036
"3132",0.518,0.004,0.054,0.424
"6726",0.022,0.16,0.816,0.002
"4796",0.004,0.196,0.8,0
"6929",0.126,0.274,0.59,0.01
"1699",0.246,0.188,0.53,0.036
"8358",0.02,0.242,0.7,0.038
"480",0.05,0.074,0.864,0.012
"8834",0,0.078,0.922,0
"2427",0.002,0.062,0.936,0
"7926",0.62,0.004,0.03,0.346
"508",0.01,0.3,0.688,0.002
"4078",0.79,0.002,0.044,0.164
"3607",0.198,0.116,0.642,0.044
"439",0.174,0.244,0.55,0.032
"7067",0.148,0.316,0.434,0.102
"9426",0.086,0.1,0.798,0.016
"6089",0.012,0.192,0.796,0
"3961",0.058,0.24,0.662,0.04
"7483",0.01,0.216,0.768,0.006
"2135",0.386,0.026,0.208,0.38
"7785",0.498,0.02,0.016,0.466
"7545",0.44,0.094,0.014,0.452
"4239",0.722,0.012,0.012,0.254
"6127",0,0.166,0.834,0
"6424",0.64,0.004,0.04,0.316
"2698",0.166,0.186,0.642,0.006
"1885",0.064,0.172,0.764,0
"720",0,0.156,0.844,0
"19",0.072,0.126,0.798,0.004
"30",0.014,0.082,0.904,0
"8589",0.018,0.158,0.824,0
"8691",0.022,0.322,0.656,0
"1642",0.006,0.124,0.866,0.004
"7381",0.008,0.122,0.868,0.002
"6528",0.012,0.228,0.756,0.004
"2954",0.006,0.178,0.812,0.004
"9454",0.534,0.002,0.012,0.452
"545",0.03,0.178,0.776,0.016
"2422",0.554,0.03,0.158,0.258
"8648",0.01,0.134,0.856,0
"8274",0.044,0.186,0.756,0.014
"9305",0,0.04,0.958,0.002
"2065",0.014,0.196,0.78,0.01
"6368",0.046,0.214,0.738,0.002
"6313",0.106,0.066,0.448,0.38
"1863",0.454,0,0.004,0.542
"2538",0.08,0.192,0.152,0.576
"6481",0.046,0.266,0.68,0.008
"72",0.09,0.25,0.656,0.004
"6436",0.02,0.342,0.576,0.062
"2615",0.02,0.348,0.614,0.018
"1908",0.146,0.032,0.088,0.734
"4966",0.124,0.258,0.572,0.046
"5916",0.568,0.072,0.062,0.298
"6367",0.336,0.014,0.02,0.63
"31",0.47,0.16,0.136,0.234
"1934",0.166,0.204,0.58,0.05
"3805",0.032,0.2,0.748,0.02
"2945",0.024,0.21,0.756,0.01
"859",0.102,0.116,0.768,0.014
"5565",0.056,0.34,0.576,0.028
"8659",0.024,0.302,0.662,0.012
"1390",0.138,0.272,0.314,0.276
"531",0.026,0.14,0.834,0
"2291",0,0.056,0.944,0
"1135",0.022,0.104,0.874,0
"1974",0.538,0.038,0.116,0.308
"7434",0.064,0.16,0.764,0.012
"457",0.026,0.158,0.812,0.004
"8538",0.122,0.282,0.564,0.032
"2923",0.012,0.22,0.766,0.002
"5150",0.672,0.02,0.024,0.284
"2646",0.038,0.11,0.836,0.016
"6687",0.282,0.1,0.614,0.004
"5972",0.436,0.132,0.348,0.084
"8571",0.014,0.214,0.77,0.002
"3580",0.416,0.008,0.024,0.552
"2720",0.508,0.006,0.096,0.39
"1616",0.012,0.158,0.828,0.002
"8604",0.384,0.06,0.118,0.438
"2385",0.038,0.324,0.638,0
"8438",0.564,0.054,0.126,0.256
"96",0.054,0.228,0.624,0.094
"2067",0.006,0.354,0.636,0.004
"7213",0.052,0.07,0.874,0.004
"4259",0.08,0.132,0.784,0.004
"1030",0.03,0.38,0.572,0.018
"1668",0.22,0.078,0.688,0.014
"4638",0.002,0.086,0.912,0
"3871",0.09,0.47,0.394,0.046
"5387",0.376,0.12,0.478,0.026
"4070",0.034,0.118,0.844,0.004
"2206",0.74,0.084,0.108,0.068
"2222",0.55,0.026,0.044,0.38
"2838",0.004,0.118,0.878,0
"8580",0.198,0.334,0.37,0.098
"6877",0.022,0.398,0.578,0.002
"7965",0.636,0.024,0.16,0.18
"5905",0.02,0.154,0.824,0.002
"7715",0.178,0.626,0.094,0.102
"8393",0.566,0.056,0.146,0.232
"2278",0.012,0.144,0.844,0
"2004",0.626,0.03,0.002,0.342
"5306",0.812,0.032,0.006,0.15
"3970",0.604,0.002,0.002,0.392
"5960",0.758,0,0.006,0.236
"7752",0.856,0.004,0.004,0.136
"4625",0.04,0.174,0.782,0.004
"5021",0.198,0.172,0.578,0.052
"3027",0.164,0.098,0.704,0.034
"6058",0.668,0.086,0.018,0.228
"2201",0.58,0.05,0.31,0.06
"8150",0.46,0.024,0.072,0.444
"5170",0.738,0.006,0.006,0.25
"3815",0.042,0.188,0.75,0.02
"9137",0.118,0.376,0.428,0.078
"7982",0.414,0.016,0.062,0.508
"6689",0.7,0.014,0.014,0.272
"5975",0.676,0.002,0.012,0.31
"3909",0.198,0,0.006,0.796
"4498",0.606,0.01,0.078,0.306
"8255",0.624,0.018,0.086,0.272
"8960",0.128,0.182,0.646,0.044
"7443",0.33,0.01,0.02,0.64
"3650",0.576,0.016,0.036,0.372
"7271",0.008,0.096,0.896,0
"4107",0.038,0.056,0.906,0
"5678",0.444,0.05,0.046,0.46
"6723",0.092,0.198,0.614,0.096
"4340",0.18,0.27,0.466,0.084
"7104",0.004,0.336,0.658,0.002
"6533",0.044,0.124,0.822,0.01
"5736",0.78,0.028,0.082,0.11
"2024",0.618,0.032,0.114,0.236
"1075",0.826,0.01,0.046,0.118
"7182",0.586,0.048,0.124,0.242
"7151",0.384,0.1,0.296,0.22
"7503",0.736,0,0.004,0.26
"8269",0.012,0.382,0.6,0.006
"2086",0.642,0.004,0.014,0.34
"2470",0.67,0.092,0.11,0.128
"8016",0.468,0.002,0.002,0.528
"8156",0.582,0.034,0.026,0.358
"8030",0.03,0.194,0.774,0.002
"7534",0.004,0.098,0.898,0
"6935",0.664,0.05,0.06,0.226
"4739",0.552,0,0.024,0.424
"4151",0.008,0.156,0.836,0
"1100",0.03,0.184,0.786,0
"4090",0.67,0.062,0.09,0.178
"5797",0.064,0.126,0.774,0.036
"4760",0.418,0.12,0.276,0.186
"6435",0.062,0.208,0.73,0
"3881",0.412,0.124,0.036,0.428
"8311",0.08,0.304,0.598,0.018
"4429",0.624,0.028,0.02,0.328
"2142",0.174,0.1,0.632,0.094
"8433",0.76,0.026,0.074,0.14
"7945",0.61,0.004,0.016,0.37
"6905",0.034,0.162,0.798,0.006
"1971",0.018,0.186,0.796,0
"8373",0.006,0.156,0.834,0.004
"5991",0.648,0.024,0.24,0.088
"9332",0.566,0.002,0.014,0.418
"7444",0.66,0,0.004,0.336
"9368",0.688,0,0.022,0.29
"7804",0.244,0.088,0.644,0.024
"9275",0.626,0.092,0.13,0.152
"7732",0.718,0.01,0.098,0.174
"9290",0.068,0.106,0.818,0.008
"4997",0.72,0.004,0.004,0.272
"7811",0.23,0.09,0.668,0.012
"8061",0.004,0.176,0.82,0
"5253",0.44,0.008,0.108,0.444
"698",0.014,0.28,0.546,0.16
"2390",0.512,0.006,0,0.482
"7351",0.376,0.178,0.288,0.158
"8089",0.428,0.06,0.082,0.43
"6176",0.008,0.244,0.748,0
"6523",0.014,0.058,0.926,0.002
"2014",0.062,0.24,0.692,0.006
"2307",0.098,0.304,0.47,0.128
"4889",0.56,0.088,0.122,0.23
"3120",0.67,0.01,0.194,0.126
"4871",0,0.084,0.916,0
"8014",0.022,0.312,0.666,0
"7339",0.658,0.008,0.022,0.312
"4692",0.462,0.074,0.188,0.276
"9336",0.03,0.238,0.708,0.024
"3955",0.502,0.034,0.15,0.314
"5892",0.02,0.252,0.728,0
"6826",0.67,0.09,0.08,0.16
"2202",0.58,0.052,0.054,0.314
"4332",0.542,0.008,0.02,0.43
"9097",0.412,0.096,0.068,0.424
"5198",0.066,0.18,0.752,0.002
"7138",0.03,0.258,0.706,0.006
"3832",0.43,0.184,0.244,0.142
"4756",0.002,0.036,0.962,0
"7414",0.456,0.034,0.344,0.166
"4123",0.01,0.202,0.784,0.004
"6910",0.538,0.02,0.074,0.368
"8447",0.012,0.394,0.594,0
"6840",0.054,0.2,0.742,0.004
"7185",0.214,0.048,0.716,0.022
"928",0.01,0.212,0.772,0.006
"5805",0.034,0.092,0.866,0.008
"7645",0.492,0.1,0.26,0.148
"357",0.014,0.31,0.67,0.006
"2300",0.022,0.392,0.58,0.006
"6630",0.446,0.018,0.16,0.376
"7640",0,0.172,0.826,0.002
"3695",0.042,0.164,0.794,0
"5395",0.21,0.008,0.35,0.432
"309",0.214,0.164,0.482,0.14
"4346",0.532,0.062,0.094,0.312
"7315",0.59,0.016,0.018,0.376
"3634",0.45,0,0.036,0.514
"7533",0.388,0.004,0.004,0.604
"9013",0.012,0.36,0.626,0.002
"1009",0.004,0.166,0.83,0
"4170",0.002,0.258,0.74,0
"2344",0.402,0.048,0.08,0.47
"5915",0.568,0,0.048,0.384
"9054",0.36,0.02,0.028,0.592
"4822",0.36,0.004,0.008,0.628
"8517",0.606,0.006,0.052,0.336
"1352",0.022,0.074,0.904,0
"8196",0.026,0.408,0.552,0.014
"7668",0.12,0.508,0.338,0.034
"739",0.248,0.006,0.004,0.742
"2005",0.214,0.106,0.112,0.568
"1613",0.708,0.068,0.04,0.184
"842",0.006,0.052,0.942,0
"5057",0.006,0.08,0.914,0
"9424",0.272,0.112,0.46,0.156
"8388",0,0.23,0.77,0
"885",0.004,0.106,0.89,0
"5428",0.656,0.06,0.144,0.14
"1555",0.002,0.26,0.738,0
"1306",0,0.08,0.92,0
"5766",0.738,0.012,0.002,0.248
"8722",0.836,0.016,0.028,0.12
"8752",0.74,0.002,0.006,0.252
"1973",0.498,0.02,0.004,0.478
"5640",0.12,0.226,0.524,0.13
"1654",0.008,0.1,0.892,0
"3156",0.004,0.058,0.938,0
"5302",0.002,0.062,0.936,0
"7344",0.016,0.082,0.902,0
"7229",0.036,0.124,0.838,0.002
"7348",0.68,0.044,0.034,0.242
"8483",0.704,0.002,0.004,0.29
"9128",0.752,0.03,0.024,0.194
"7232",0.882,0.002,0.004,0.112
"3315",0.096,0.07,0.806,0.028
"8067",0.072,0.07,0.854,0.004
"9405",0,0.03,0.97,0
"108",0.03,0.074,0.862,0.034
"3537",0.008,0.058,0.934,0
"2070",0.012,0.14,0.84,0.008
"5725",0.012,0.096,0.89,0.002
"3457",0.004,0.104,0.892,0
"5694",0.65,0,0.038,0.312
"8687",0.014,0.12,0.864,0.002
"8336",0,0.174,0.826,0
"2873",0.022,0.252,0.726,0
"6311",0.054,0.218,0.698,0.03
"319",0.014,0.208,0.778,0
"810",0.034,0.236,0.71,0.02
"2357",0.036,0.258,0.686,0.02
"7495",0.516,0.006,0.25,0.228
"117",0,0.15,0.85,0
"8859",0,0.294,0.706,0
"1693",0.006,0.292,0.694,0.008
"4949",0.06,0.224,0.676,0.04
"243",0.004,0.078,0.918,0
"2114",0.03,0.184,0.778,0.008
"6042",0.5,0.034,0.056,0.41
"386",0.102,0.1,0.74,0.058
"5426",0.396,0.012,0.024,0.568
"5363",0.374,0.13,0.138,0.358
"2212",0.006,0.154,0.84,0
"6715",0.022,0.146,0.832,0
"2631",0.03,0.184,0.78,0.006
"4091",0.282,0.076,0.082,0.56
"8382",0.496,0.056,0.074,0.374
"2658",0.378,0.054,0.088,0.48
"396",0.036,0.274,0.68,0.01
"8301",0.106,0.406,0.466,0.022
"8821",0.11,0.238,0.18,0.472
"7693",0.032,0.162,0.806,0
"9300",0.044,0.366,0.582,0.008
"9264",0.074,0.202,0.716,0.008
"1874",0,0.086,0.914,0
"535",0.028,0.25,0.718,0.004
"645",0.004,0.146,0.844,0.006
"4485",0.288,0.118,0.124,0.47
"815",0.04,0.392,0.526,0.042
"7055",0.472,0.006,0.01,0.512
"7539",0.452,0.046,0.058,0.444
"3263",0,0.108,0.892,0
"1149",0,0.05,0.95,0
"1047",0.006,0.136,0.858,0
"1477",0.05,0.176,0.76,0.014
"8686",0.316,0.034,0.02,0.63
"914",0.024,0.134,0.764,0.078
"6220",0.32,0.002,0.008,0.67
"9044",0.61,0.002,0.006,0.382
"5286",0.354,0.036,0.082,0.528
"1564",0.022,0.362,0.588,0.028
"1690",0.184,0.172,0.52,0.124
"9049",0.294,0.154,0.046,0.506
"4047",0.048,0.428,0.516,0.008
"758",0.04,0.094,0.85,0.016
"8541",0.632,0.012,0.128,0.228
"389",0.036,0.06,0.876,0.028
"5071",0.67,0.002,0.024,0.304
"4113",0.736,0,0.004,0.26
"8485",0.79,0.008,0.012,0.19
"4652",0.606,0,0.028,0.366
"4610",0.4,0.074,0.012,0.514
"1412",0.036,0.462,0.496,0.006
"1729",0.484,0.01,0.022,0.484
"3531",0.022,0.202,0.774,0.002
"7451",0.008,0.27,0.71,0.012
"8845",0.048,0.208,0.6,0.144
"7767",0.228,0.012,0.028,0.732
"5986",0.192,0.02,0.09,0.698
"1327",0.008,0.188,0.802,0.002
"8760",0.006,0.284,0.702,0.008
"2355",0.014,0.032,0.954,0
"3541",0.006,0.098,0.896,0
"9309",0,0.046,0.954,0
"5055",0.002,0.088,0.91,0
"328",0.118,0.114,0.734,0.034
"8702",0.174,0.142,0.67,0.014
"556",0.406,0.128,0.062,0.404
"950",0.442,0.036,0.318,0.204
"8034",0.628,0.046,0.062,0.264
"5593",0.012,0.09,0.898,0
"9078",0.054,0.216,0.726,0.004
"6518",0.528,0.004,0.006,0.462
"9087",0.668,0.008,0.006,0.318
"8644",0.11,0.33,0.54,0.02
"2208",0.484,0.01,0.004,0.502
"7962",0.484,0.024,0.028,0.464
"6267",0.01,0.074,0.914,0.002
"5187",0.42,0.004,0.034,0.542
"4653",0.062,0.094,0.822,0.022
"3756",0.64,0.006,0,0.354
"3371",0.328,0.06,0.378,0.234
"6785",0.532,0.006,0.01,0.452
"6248",0.444,0,0.028,0.528
"6085",0.016,0.274,0.708,0.002
"8298",0.632,0.012,0.152,0.204
"7149",0.622,0.002,0.006,0.37
"6756",0.358,0.096,0.274,0.272
"2111",0.01,0.164,0.824,0.002
"2840",0.102,0.198,0.66,0.04
"4247",0.656,0.028,0.202,0.114
"4908",0.676,0.012,0.002,0.31
"3930",0.51,0.066,0.172,0.252
"1002",0.118,0.22,0.62,0.042
"8964",0.41,0.016,0.006,0.568
"5769",0,0.104,0.896,0
"2193",0.728,0,0.01,0.262
"2531",0.038,0.254,0.696,0.012
"1804",0.756,0.006,0.048,0.19
"3662",0.482,0.08,0.26,0.178
"7168",0.768,0.008,0.06,0.164
"3407",0.602,0.006,0.016,0.376
"2553",0.006,0.142,0.852,0
"6118",0.596,0.006,0.046,0.352
"4732",0.104,0.272,0.558,0.066
"7425",0.03,0.206,0.762,0.002
"9061",0.362,0.026,0.042,0.57
"6828",0.78,0.014,0.022,0.184
"7796",0.014,0.166,0.818,0.002
"5183",0.544,0.012,0.038,0.406
"6257",0.01,0.122,0.866,0.002
"1921",0.466,0.002,0.028,0.504
"7609",0.2,0.108,0.66,0.032
"7725",0.804,0.006,0.002,0.188
"4982",0,0.288,0.712,0
"1796",0.004,0.188,0.808,0
"641",0.01,0.348,0.64,0.002
"606",0.004,0.166,0.786,0.044
"8991",0.092,0.174,0.622,0.112
"1869",0.1,0.238,0.614,0.048
"8280",0.58,0.024,0.076,0.32
"3915",0.034,0.242,0.71,0.014
"6230",0.532,0,0.042,0.426
"2495",0.282,0.146,0.22,0.352
"3506",0.052,0.224,0.722,0.002
"4606",0.58,0.024,0.088,0.308
"7366",0.612,0,0.008,0.38
"1605",0.004,0.09,0.898,0.008
"7178",0.014,0.07,0.91,0.006
"7349",0.022,0.304,0.672,0.002
"7881",0.004,0.224,0.772,0
"8001",0.302,0.076,0.096,0.526
"8781",0.044,0.208,0.698,0.05
"42",0.366,0.022,0.014,0.598
"5368",0.044,0.274,0.664,0.018
"2159",0.194,0.238,0.34,0.228
"8405",0.002,0.222,0.776,0
"7623",0.006,0.154,0.836,0.004
"2598",0.396,0.114,0.258,0.232
"6101",0.044,0.388,0.558,0.01
"1150",0.524,0.044,0.11,0.322
"882",0.234,0.126,0.516,0.124
"3858",0.034,0.34,0.606,0.02
"2132",0.35,0.082,0.044,0.524
"7543",0.322,0.002,0.004,0.672
"5134",0.296,0.016,0.034,0.654
"5475",0.144,0.262,0.368,0.226
"8500",0.012,0.428,0.55,0.01
"6361",0.032,0.196,0.748,0.024
"2283",0.01,0.186,0.802,0.002
"7224",0.27,0.034,0.044,0.652
"1473",0.276,0.01,0.004,0.71
"7972",0,0.258,0.74,0.002
"5248",0.08,0.192,0.686,0.042
"2225",0.61,0.024,0.006,0.36
"3609",0.002,0.056,0.938,0.004
"6120",0.36,0.014,0.018,0.608
"8366",0.042,0.256,0.652,0.05
"571",0.042,0.004,0.01,0.944
"7010",0.572,0.044,0.006,0.378
"5265",0.032,0.362,0.594,0.012
"4931",0.014,0.314,0.664,0.008
"1498",0.004,0.214,0.782,0
"8460",0.39,0.02,0.02,0.57
"4869",0.59,0.006,0.014,0.39
"840",0.69,0.004,0.012,0.294
"7317",0.556,0.002,0.014,0.428
"3754",0.638,0.002,0.02,0.34
"6984",0.44,0.002,0.036,0.522
"8531",0.564,0,0.02,0.416
"2387",0.15,0.418,0.374,0.058
"5955",0.054,0.146,0.724,0.076
"8461",0.384,0.028,0.016,0.572
"4073",0.594,0.024,0.086,0.296
"1074",0.56,0.022,0.046,0.372
"5102",0.61,0.086,0.09,0.214
"5163",0.27,0.03,0.028,0.672
"4681",0.024,0.16,0.814,0.002
"3876",0.614,0,0.01,0.376
"2101",0.454,0.004,0.002,0.54
"6388",0.044,0.204,0.742,0.01
"8683",0.586,0.082,0.068,0.264
"8813",0.504,0.168,0.002,0.326
"7447",0.04,0.23,0.728,0.002
"8047",0.426,0.004,0.038,0.532
"4430",0.626,0.01,0.026,0.338
"4007",0.33,0.17,0.448,0.052
"9041",0.632,0.008,0,0.36
"5599",0.718,0.004,0.012,0.266
"4631",0.316,0.008,0.01,0.666
"1610",0.068,0.298,0.614,0.02
"4409",0.122,0.256,0.556,0.066
"7940",0.478,0.006,0.026,0.49
"7360",0.35,0.01,0.066,0.574
"7048",0.438,0.004,0.062,0.496
"324",0.086,0.114,0.748,0.052
"6470",0.178,0.102,0.272,0.448
"2017",0.19,0.008,0.008,0.794
"8816",0.522,0.002,0.018,0.458
"1337",0.026,0.27,0.686,0.018
"5081",0.44,0.01,0.02,0.53
"5697",0.618,0.092,0.012,0.278
"6972",0.368,0.002,0.048,0.582
"1263",0.35,0.148,0.068,0.434
"8186",0.26,0.004,0.016,0.72
"9316",0.156,0.002,0.004,0.838
"1385",0.104,0.008,0.006,0.882
"8417",0.312,0.012,0.01,0.666
"2339",0.122,0.07,0.05,0.758
"7669",0.264,0.076,0.114,0.546
"8811",0.184,0,0.004,0.812
"7146",0.402,0.004,0.006,0.588
"8799",0.24,0.014,0.004,0.742
"2544",0.182,0.34,0.144,0.334
"1847",0.138,0.028,0.012,0.822
"2145",0.15,0.048,0.016,0.786
"2146",0.28,0.03,0.036,0.654
"747",0.096,0.002,0.006,0.896
"5193",0.292,0.014,0.002,0.692
"2818",0.082,0.228,0.656,0.034
"4984",0.054,0.332,0.554,0.06
"4202",0.242,0.508,0.076,0.174
"2982",0.04,0.176,0.784,0
"498",0.016,0.078,0.904,0.002
"6831",0.428,0.148,0.054,0.37
"4110",0.478,0.07,0.04,0.412
"4788",0.602,0.012,0.03,0.356
"5523",0.646,0.086,0.096,0.172
"4744",0.44,0.044,0.042,0.474
"2556",0.022,0.386,0.588,0.004
"5216",0.062,0.42,0.438,0.08
"4050",0.228,0.084,0.002,0.686
"459",0.886,0.002,0.012,0.1
"7688",0.086,0.072,0.836,0.006
"4917",0.006,0.264,0.728,0.002
"2896",0.334,0.124,0.278,0.264
"6280",0.02,0.124,0.856,0
"2363",0.034,0.282,0.684,0
"4250",0.524,0.066,0.294,0.116
"6679",0.636,0.034,0.074,0.256
"5232",0.004,0.088,0.908,0
"5584",0.31,0.062,0.42,0.208
"5612",0.082,0.176,0.708,0.034
"6222",0.01,0.178,0.812,0
"1507",0.322,0.056,0.18,0.442
"4774",0.164,0.352,0.39,0.094
"1220",0.166,0.154,0.508,0.172
"6065",0.486,0.018,0.26,0.236
"1713",0.224,0.264,0.506,0.006
"9433",0.76,0.02,0.038,0.182
"5822",0.068,0.226,0.694,0.012
"9051",0.012,0.214,0.772,0.002
"8967",0.354,0.37,0.142,0.134
"5708",0.036,0.202,0.758,0.004
"4311",0.714,0.02,0.058,0.208
"683",0.024,0.344,0.632,0
"7988",0.01,0.148,0.842,0
"6898",0.498,0.008,0.054,0.44
"222",0.062,0.166,0.712,0.06
"7597",0.002,0.232,0.762,0.004
"6738",0.008,0.26,0.732,0
"6305",0.37,0.182,0.232,0.216
"8124",0.38,0.052,0.554,0.014
"4089",0.07,0.138,0.786,0.006
"4967",0.03,0.162,0.792,0.016
"2537",0.012,0.07,0.916,0.002
"5551",0.002,0.122,0.876,0
"3941",0.274,0.066,0.168,0.492
"8071",0.026,0.24,0.698,0.036
"4818",0.418,0.024,0.024,0.534
"8116",0.486,0.056,0.198,0.26
"9364",0.544,0.07,0.03,0.356
"9346",0.488,0.006,0.014,0.492
"135",0.014,0.046,0.936,0.004
"208",0.512,0.016,0.022,0.45
"8502",0.054,0.158,0.778,0.01
"8890",0.006,0.406,0.584,0.004
"8973",0.508,0.002,0.034,0.456
"2160",0.03,0.23,0.734,0.006
"8106",0.598,0.008,0.08,0.314
"1152",0.07,0.27,0.656,0.004
"7309",0.498,0.02,0.154,0.328
"4783",0.616,0.004,0.072,0.308
"8842",0.418,0.086,0.036,0.46
"1194",0.002,0.17,0.828,0
"2613",0.18,0.034,0.09,0.696
"3994",0.014,0.13,0.856,0
"1597",0.614,0.048,0.062,0.276
"499",0.064,0.284,0.526,0.126
"336",0.084,0.098,0.754,0.064
"1758",0.334,0.026,0.014,0.626
"7379",0.464,0.064,0.114,0.358
"9389",0.04,0.162,0.794,0.004
"6358",0.002,0.184,0.812,0.002
"6610",0.12,0.224,0.622,0.034
"967",0.026,0.206,0.752,0.016
"3612",0.002,0.154,0.842,0.002
"1060",0.016,0.322,0.644,0.018
"1816",0.19,0.25,0.418,0.142
"2979",0.012,0.218,0.76,0.01
"918",0.026,0.178,0.768,0.028
"6474",0.012,0.278,0.706,0.004
"3309",0.292,0.034,0.112,0.562
"4552",0.086,0.148,0.736,0.03
"3429",0.37,0,0.074,0.556
"3850",0.012,0.232,0.752,0.004
"6133",0.666,0.11,0.028,0.196
"5141",0.352,0.128,0.106,0.414
"9348",0.458,0.012,0.024,0.506
"9288",0.368,0.06,0.38,0.192
"1702",0.4,0.052,0.134,0.414
"9122",0.608,0.046,0.098,0.248
"7001",0.172,0.36,0.326,0.142
"3972",0.368,0.026,0.082,0.524
"2679",0.114,0.23,0.61,0.046
"3392",0.388,0.05,0.12,0.442
"3991",0.314,0.114,0.152,0.42
"811",0.192,0.058,0.192,0.558
"1962",0.008,0.15,0.84,0.002
"1244",0.24,0.042,0.1,0.618
"5545",0.1,0.248,0.608,0.044
"5608",0.002,0.324,0.67,0.004
"5824",0.018,0.242,0.74,0
"688",0.01,0.332,0.654,0.004
"6150",0.49,0.038,0.038,0.434
"1218",0.348,0.186,0.168,0.298
"385",0.284,0.064,0.18,0.472
"3225",0.402,0.18,0.15,0.268
"7508",0.388,0.024,0.042,0.546
"6007",0.58,0.012,0.028,0.38
"6185",0.026,0.456,0.494,0.024
"6123",0.726,0.004,0.002,0.268
"2486",0.188,0.058,0.018,0.736
"9297",0,0.274,0.724,0.002
"5079",0.024,0.31,0.65,0.016
"446",0.014,0.512,0.466,0.008
"485",0.018,0.452,0.526,0.004
"4813",0.162,0.072,0.744,0.022
"5690",0.002,0.146,0.852,0
"5348",0.764,0.022,0.05,0.164
"7701",0.674,0.008,0.062,0.256
"1806",0.564,0.012,0.026,0.398
"8082",0.064,0.198,0.722,0.016
"2718",0.784,0.006,0.056,0.154
"9432",0.052,0.178,0.76,0.01
"2305",0.484,0.014,0.096,0.406
"2223",0.52,0.076,0.26,0.144
"1431",0.844,0,0.03,0.126
"2306",0.65,0.034,0.12,0.196
"8983",0.002,0.216,0.782,0
"1851",0.006,0.198,0.794,0.002
"3497",0.134,0.106,0.714,0.046
"7754",0.804,0.004,0.012,0.18
"5821",0.436,0.024,0.024,0.516
"1763",0.016,0.052,0.904,0.028
"2767",0.088,0.306,0.578,0.028
"3206",0.32,0.038,0.156,0.486
"9194",0,0.33,0.668,0.002
"7202",0.412,0,0,0.588
"2854",0.018,0.128,0.84,0.014
"1838",0.46,0.02,0.066,0.454
"2029",0.738,0.004,0.052,0.206
"2259",0.682,0.034,0.034,0.25
"2549",0.414,0.268,0.102,0.216
"7402",0.136,0.146,0.702,0.016
"9145",0.534,0.024,0.056,0.386
"3968",0.006,0.072,0.922,0
"1111",0.696,0.012,0.05,0.242
"4204",0.574,0.002,0.012,0.412
"6619",0.676,0.002,0.028,0.294
"697",0.6,0.046,0.104,0.25
"5835",0.348,0.178,0.06,0.414
"6390",0.288,0.006,0.008,0.698
"3181",0.136,0.282,0.56,0.022
"7448",0.024,0.184,0.792,0
"4473",0.642,0.01,0.036,0.312
"6734",0.012,0.5,0.464,0.024
"2298",0.028,0.23,0.736,0.006
"1447",0.672,0.004,0.006,0.318
"8227",0.036,0.194,0.764,0.006
"3219",0.454,0.024,0.13,0.392
"7269",0.372,0.076,0.024,0.528
"8645",0.032,0.078,0.89,0
"1980",0.78,0.008,0.008,0.204
"9058",0.602,0.012,0.014,0.372
"2362",0.006,0.064,0.93,0
"5094",0.534,0.044,0.038,0.384
"5873",0.464,0.11,0.162,0.264
"5969",0.006,0.318,0.676,0
"5974",0.024,0.29,0.67,0.016
"8554",0.4,0.004,0.014,0.582
"7097",0,0.064,0.936,0
"7099",0.84,0.032,0.1,0.028
"6874",0.516,0.062,0.19,0.232
"8062",0.48,0.022,0.064,0.434
"4227",0.584,0,0.012,0.404
"7154",0.466,0.004,0.016,0.514
"4893",0.034,0.088,0.874,0.004
"6174",0.008,0.104,0.888,0
"6639",0.522,0.054,0.008,0.416
"2711",0.576,0.034,0.032,0.358
"3079",0.368,0.046,0.052,0.534
"1436",0.142,0.106,0.682,0.07
"3496",0.004,0.146,0.848,0.002
"3425",0.696,0.012,0.008,0.284
"6645",0.552,0.008,0.012,0.428
"7758",0.496,0.026,0,0.478
"4506",0.006,0.088,0.904,0.002
"5762",0.554,0.024,0.046,0.376
"6398",0.118,0.066,0.73,0.086
"8923",0.746,0.006,0.096,0.152
"3621",0.616,0.076,0.204,0.104
"8287",0.082,0.082,0.832,0.004
"8284",0.628,0.004,0.028,0.34
"8283",0.388,0.01,0.032,0.57
"7564",0.08,0.144,0.744,0.032
"4102",0.79,0.004,0.002,0.204
"5492",0.512,0.002,0.03,0.456
"5178",0.032,0.268,0.696,0.004
"6951",0.462,0.004,0.006,0.528
"4538",0.164,0.394,0.326,0.116
"4304",0.482,0.102,0.026,0.39
"2829",0.67,0.002,0.058,0.27
"2282",0.43,0.008,0.01,0.552
"1910",0.004,0.068,0.928,0
"453",0.212,0.068,0.664,0.056
"5452",0.608,0.04,0.12,0.232
"5670",0.072,0.17,0.754,0.004
"2729",0.082,0.368,0.544,0.006
"6204",0.024,0.214,0.698,0.064
"9144",0.048,0.11,0.818,0.024
"9143",0.018,0.322,0.636,0.024
"9148",0.32,0.182,0.452,0.046
"9191",0.088,0.11,0.786,0.016
"6691",0.428,0.024,0.024,0.524
"6690",0.318,0.07,0.344,0.268
"5403",0.282,0.384,0.29,0.044
"5407",0.404,0.056,0.11,0.43
"3523",0.388,0.028,0.082,0.502
"4497",0.086,0.206,0.584,0.124
"8929",0.116,0.146,0.604,0.134
"1643",0.362,0.056,0.438,0.144
"8810",0.054,0.26,0.674,0.012
"4920",0,0.224,0.776,0
"4083",0.072,0.082,0.846,0
"8009",0.69,0.006,0.012,0.292
"8096",0.64,0.006,0.008,0.346
"5292",0.46,0.186,0.164,0.19
"6622",0.002,0.13,0.868,0
"3009",0.758,0.06,0.108,0.074
"8618",0.292,0.328,0.332,0.048
"8619",0.016,0.354,0.63,0
"6524",0.058,0.246,0.696,0
"6792",0.154,0.26,0.576,0.01
"6092",0.096,0.184,0.72,0
"6044",0.01,0.238,0.742,0.01
"5629",0.012,0.13,0.858,0
"5517",0.576,0.152,0.092,0.18
"7405",0.608,0.012,0.01,0.37
"7410",0.42,0.008,0.02,0.552
"7412",0.576,0.028,0.01,0.386
"7424",0.608,0.018,0.12,0.254
"7046",0.002,0.068,0.93,0
"7026",0.002,0.098,0.9,0
"7045",0.062,0.448,0.458,0.032
"3339",0.594,0.004,0.002,0.4
"2822",0.476,0.028,0.016,0.48
"2181",0.04,0.168,0.778,0.014
"2846",0.058,0.192,0.734,0.016
"4349",0.558,0.064,0.166,0.212
"5160",0.226,0.004,0,0.77
"8672",0.72,0.008,0.16,0.112
"2216",0.62,0.018,0.058,0.304
"3742",0.006,0.326,0.648,0.02
"6921",0.53,0.012,0.112,0.346
"3187",0.006,0.198,0.796,0
"8107",0.536,0,0.01,0.454
"2032",0.558,0,0.148,0.294
"1743",0.778,0.008,0.092,0.122
"1686",0.636,0.006,0.306,0.052
"4224",0.082,0.25,0.668,0
"4225",0.008,0.508,0.482,0.002
"7661",0.818,0.016,0.014,0.152
"5105",0.008,0.146,0.846,0
"4817",0.652,0.002,0.084,0.262
"5984",0.442,0,0.012,0.546
"8603",0.644,0.004,0.072,0.28
"6188",0.53,0.014,0.008,0.448
"5816",0.036,0.196,0.766,0.002
"5795",0.058,0.326,0.604,0.012
"3235",0.51,0.078,0.116,0.296
"6659",0.664,0.004,0.018,0.314
"6074",0.488,0.084,0.006,0.422
"8450",0.314,0.31,0.052,0.324
"4261",0.526,0.002,0.02,0.452
"4327",0.544,0.078,0.012,0.366
"4714",0.46,0.032,0.008,0.5
"4715",0.51,0.04,0,0.45
"5707",0.014,0.496,0.49,0
"5201",0.006,0.508,0.486,0
"1625",0.524,0.04,0.094,0.342
"506",0,0.118,0.882,0
"2883",0.02,0.334,0.644,0.002
"3404",0.042,0.138,0.82,0
"8766",0.6,0.046,0.16,0.194
"8785",0.174,0.21,0.518,0.098
"8765",0.758,0.012,0.022,0.208
"467",0.008,0.09,0.9,0.002
"5558",0.042,0.23,0.724,0.004
"3978",0.296,0.094,0.026,0.584
"2231",0.062,0.252,0.67,0.016
"4759",0.09,0.218,0.692,0
"4697",0.664,0.018,0.016,0.302
"6444",0.404,0.044,0.024,0.528
"6168",0.512,0.002,0.016,0.47
"1933",0.58,0.002,0.026,0.392
"3014",0.758,0,0.002,0.24
"6387",0.502,0,0.002,0.496
"2214",0.124,0.066,0.806,0.004
"2052",0.014,0.076,0.908,0.002
"8593",0.036,0.058,0.906,0
"5012",0.23,0,0.008,0.762
"1302",0.368,0.064,0.14,0.428
"7419",0.388,0.04,0.074,0.498
"5976",0.454,0.026,0.086,0.434
"3527",0.252,0.012,0.012,0.724
"1970",0.45,0.008,0,0.542
"4296",0.032,0.46,0.5,0.008
"2346",0.078,0.306,0.518,0.098
"7741",0.246,0.1,0.45,0.204
"9435",0.544,0.002,0.016,0.438
"4263",0.044,0.626,0.32,0.01
"5588",0.626,0.014,0.112,0.248
"9050",0.4,0,0.032,0.568
"942",0.396,0.016,0.058,0.53
"1248",0.538,0.012,0.028,0.422
"9278",0.362,0.008,0.03,0.6
"4478",0.654,0.058,0.06,0.228
"7974",0.028,0.1,0.872,0
"5101",0.394,0.036,0.052,0.518
"5537",0.682,0.036,0.012,0.27
"1070",0.022,0.114,0.862,0.002
"6182",0.408,0.046,0.106,0.44
"4582",0.392,0.084,0.22,0.304
"5961",0.77,0.002,0,0.228
"8207",0.576,0.02,0.08,0.324
"3212",0.558,0.048,0.048,0.346
"7205",0.69,0.09,0.024,0.196
"8428",0.04,0.116,0.818,0.026
"7027",0.526,0.026,0.052,0.396
"2855",0.712,0.004,0.01,0.274
"3817",0.006,0.202,0.792,0
"8154",0.634,0.01,0.026,0.33
"4146",0.464,0.002,0.02,0.514
"4012",0.03,0.218,0.736,0.016
"4319",0.024,0.208,0.76,0.008
"5642",0.358,0.04,0.034,0.568
"1492",0.36,0.174,0.156,0.31
"4241",0.634,0.014,0.004,0.348
"9219",0.218,0.13,0.626,0.026
"2853",0.848,0.008,0.01,0.134
"8977",0.618,0,0.018,0.364
"2350",0.504,0.01,0.024,0.462
"5233",0.492,0.032,0.032,0.444
"4656",0.692,0.03,0,0.278
"4599",0.632,0.022,0.03,0.316
"4323",0.944,0,0.004,0.052
"7482",0.686,0.002,0.056,0.256
"7329",0.598,0.014,0.08,0.308
"7233",0.408,0.196,0.22,0.176
"5514",0.046,0.154,0.8,0
"6197",0.004,0.152,0.842,0.002
"6534",0.122,0.232,0.596,0.05
"7602",0.56,0.05,0.014,0.376
"2316",0.538,0.03,0.004,0.428
"7357",0.046,0.344,0.57,0.04
"7420",0.78,0.002,0.004,0.214
"8877",0.684,0.01,0.034,0.272
"9235",0.576,0.004,0.154,0.266
"3453",0.144,0.264,0.534,0.058
"4633",0.56,0.008,0.06,0.372
"4112",0.534,0.012,0.02,0.434
"3967",0.486,0.02,0.034,0.46
"1993",0.426,0.036,0.008,0.53
"5838",0.612,0.084,0.028,0.276
"6860",0.298,0.062,0.504,0.136
"2568",0.396,0.088,0.004,0.512
"8562",0.102,0.312,0.552,0.034
"7187",0.638,0.002,0.016,0.344
"8838",0.03,0.308,0.622,0.04
"1130",0.126,0.35,0.39,0.134
"4082",0.036,0.296,0.658,0.01
"6674",0.558,0.014,0.274,0.154
"6382",0.34,0.008,0.006,0.646
"3182",0.528,0.014,0.036,0.422
"2832",0.508,0.03,0.032,0.43
"7672",0.54,0,0.02,0.44
"8000",0.53,0,0.03,0.44
"4985",0.056,0.3,0.6,0.044
"2395",0.716,0.01,0.002,0.272
"9105",0.534,0.016,0.022,0.428
"4522",0.68,0.002,0.002,0.316
"7456",0.278,0.006,0.002,0.714
"5825",0.018,0.084,0.896,0.002
"8446",0.704,0.082,0.014,0.2
"8449",0.628,0.016,0.002,0.354
"5009",0.314,0.02,0.038,0.628
"8113",0.004,0.156,0.84,0
"2959",0.55,0.002,0.002,0.446
"1433",0.752,0.018,0.09,0.14
"4901",0.408,0.02,0,0.572
"8232",0.304,0.004,0.01,0.682
"8764",0.616,0.018,0.002,0.364
"5591",0.514,0,0.056,0.43
"2578",0.414,0.014,0.036,0.536
"852",0.56,0.004,0.088,0.348
"5121",0.208,0.06,0.236,0.496
"9442",0.118,0.208,0.666,0.008
"6599",0.42,0.052,0.008,0.52
"6669",0.002,0.238,0.756,0.004
"4207",0.012,0.434,0.546,0.008
"7971",0.03,0.158,0.804,0.008
"1964",0.206,0.164,0.236,0.394
"4322",0.446,0.006,0.026,0.522
"8989",0.03,0.296,0.672,0.002
"3363",0.414,0.024,0.05,0.512
"2243",0.516,0,0.054,0.43
"3851",0.008,0.19,0.802,0
"3928",0.01,0.322,0.668,0
"1091",0.006,0.122,0.872,0
"4140",0.322,0.064,0.094,0.52
"5884",0.024,0.192,0.77,0.014
"1483",0.212,0.202,0.318,0.268
"4019",0.582,0.018,0.016,0.384
"4221",0.51,0.028,0.072,0.39
"2378",0.366,0.072,0.276,0.286
"8088",0.308,0.048,0.236,0.408
"2771",0.038,0.22,0.722,0.02
"3070",0.432,0.026,0.024,0.518
"4388",0.388,0.016,0.02,0.576
"8267",0.432,0.078,0.21,0.28
"1363",0.072,0.264,0.63,0.034
"1364",0.032,0.16,0.768,0.04
"8309",0,0.172,0.82,0.008
"6235",0.06,0.18,0.758,0.002
"6148",0.024,0.162,0.812,0.002
"2171",0.404,0.028,0.026,0.542
"1720",0.29,0.016,0.028,0.666
"1117",0.608,0.002,0.016,0.374
"5359",0.438,0.056,0.042,0.464
"710",0.458,0.008,0.012,0.522
"4595",0.034,0.188,0.776,0.002
"347",0.104,0.302,0.58,0.014
"16",0.086,0.09,0.822,0.002
"6982",0.006,0.11,0.884,0
"774",0.228,0.242,0.436,0.094
"8360",0.476,0.014,0.05,0.46
"5501",0.068,0.446,0.482,0.004
"6462",0.598,0.078,0.042,0.282
"4184",0.01,0.17,0.82,0
"3076",0.026,0.184,0.758,0.032
"1849",0.276,0.25,0.2,0.274
"4887",0.432,0.026,0.068,0.474
"4747",0.536,0.046,0.008,0.41
"2701",0.652,0,0.026,0.322
"8008",0.466,0,0.002,0.532
"6109",0.424,0.082,0.104,0.39
"5845",0.494,0.004,0.054,0.448
"4435",0.502,0.002,0.024,0.472
"3802",0.226,0.124,0.17,0.48
"2233",0.552,0.002,0.002,0.444
"3806",0.028,0.322,0.63,0.02
"2051",0.038,0.33,0.586,0.046
"5327",0.218,0.004,0.01,0.768
"1247",0.336,0.088,0.164,0.412
"6354",0.1,0.288,0.568,0.044
"9045",0.264,0.002,0.002,0.732
"9109",0.464,0.002,0.006,0.528
"3845",0.556,0.152,0.036,0.256
"3376",0.182,0.008,0.026,0.784
"3655",0.098,0.168,0.46,0.274
"2361",0.156,0.272,0.494,0.078
"3879",0.558,0.122,0.096,0.224
"5499",0.074,0.406,0.474,0.046
"2144",0.522,0.016,0.024,0.438
"5959",0.254,0.074,0.094,0.578
"7075",0.55,0.042,0.044,0.364
"9103",0.062,0.44,0.396,0.102
"1429",0.396,0.014,0.048,0.542
"5335",0.12,0.006,0.004,0.87
"1450",0.022,0.198,0.774,0.006
"1102",0.554,0.178,0,0.268
"7646",0.362,0.01,0.202,0.426
"6682",0.214,0.006,0.002,0.778
"62",0.076,0.286,0.622,0.016
"1877",0,0.02,0.98,0
"369",0.342,0.146,0.264,0.248
"541",0.09,0.272,0.628,0.01
"2545",0.012,0.338,0.65,0
"8721",0.686,0.004,0.004,0.306
"6057",0.442,0.006,0.048,0.504
"6014",0.744,0.004,0.028,0.224
"1478",0.286,0.01,0.038,0.666
"3705",0.552,0.02,0.064,0.364
"1868",0.702,0,0.006,0.292
"3041",0.002,0.424,0.572,0.002
"8653",0.404,0.054,0.4,0.142
"952",0.172,0.142,0.53,0.156
"2128",0.506,0.068,0.066,0.36
"5851",0.026,0.18,0.788,0.006
"4493",0.45,0.02,0.01,0.52
"3202",0.446,0.014,0.024,0.516
"6262",0.012,0.364,0.61,0.014
"595",0.036,0.218,0.744,0.002
"955",0.136,0.118,0.458,0.288
"3370",0.288,0.002,0.118,0.592
"2246",0.004,0.158,0.838,0
"1137",0.172,0.126,0.676,0.026
"1410",0.016,0.236,0.742,0.006
"4526",0.512,0,0.012,0.476
"1267",0.006,0.226,0.764,0.004
"6479",0.454,0.038,0.018,0.49
"3939",0.104,0.114,0.614,0.168
"3064",0.31,0.046,0.01,0.634
"6961",0.052,0.424,0.51,0.014
"9268",0.362,0.02,0.052,0.566
"1767",0.124,0.226,0.602,0.048
"5698",0.158,0.07,0.226,0.546
"2683",0.166,0,0.002,0.832
"1741",0.022,0.2,0.686,0.092
"7",0.036,0.11,0.784,0.07
"3102",0.038,0.168,0.75,0.044
"8639",0.132,0.29,0.436,0.142
"412",0.018,0.122,0.85,0.01
"4678",0.4,0.084,0.034,0.482
"1256",0.04,0.146,0.788,0.026
"3649",0.266,0.076,0.166,0.492
"8335",0.01,0.544,0.43,0.016
"4354",0.634,0.006,0.048,0.312
"3486",0.3,0.014,0.006,0.68
"6138",0.004,0.096,0.896,0.004
"2956",0.004,0.192,0.796,0.008
"5345",0.376,0.006,0.014,0.604
"8542",0.204,0.228,0.536,0.032
"8165",0.322,0.012,0.002,0.664
"2662",0.432,0.006,0,0.562
"8100",0.018,0.248,0.724,0.01
"3358",0.408,0.018,0.014,0.56
"4765",0.016,0.224,0.748,0.012
"8437",0.434,0.01,0.016,0.54
"8162",0.384,0.008,0.012,0.596
"7644",0.624,0.004,0.01,0.362
"3688",0.424,0,0.016,0.56
"5044",0.618,0,0.064,0.318
"759",0.48,0.094,0.176,0.25
"1428",0.02,0.174,0.806,0
"3668",0.098,0.182,0.666,0.054
"1275",0.216,0,0.018,0.766
"7195",0.446,0.004,0.014,0.536
"5281",0.15,0.294,0.506,0.05
"864",0.126,0.324,0.47,0.08
"996",0.396,0.002,0.034,0.568
"2263",0.364,0.048,0.102,0.486
"4503",0.002,0.164,0.83,0.004
"4519",0.416,0.014,0.002,0.568
"8308",0.044,0.422,0.52,0.014
"8853",0.33,0.06,0.092,0.518
"1497",0.466,0.006,0.016,0.512
"734",0.39,0.024,0.002,0.584
"5060",0.142,0.182,0.034,0.642
"3988",0.46,0.016,0,0.524
"3299",0.086,0.536,0.352,0.026
"2211",0.484,0.014,0.024,0.478
"1517",0.08,0.302,0.59,0.028
"221",0.14,0.444,0.344,0.072
"7808",0.142,0.446,0.382,0.03
"843",0.158,0.082,0.754,0.006
"1259",0.02,0.066,0.91,0.004
"1464",0.374,0.096,0.214,0.316
"53",0.012,0.118,0.858,0.012
"1566",0.464,0.062,0.148,0.326
"3679",0.482,0.034,0.186,0.298
"3388",0.056,0.228,0.714,0.002
"9182",0.014,0.188,0.798,0
"6015",0.722,0.086,0.042,0.15
"8012",0.1,0.11,0.73,0.06
"3148",0.128,0.168,0.528,0.176
"3257",0.564,0,0.042,0.394
"8915",0.008,0.124,0.868,0
"3267",0.016,0.096,0.886,0.002
"3307",0.628,0.014,0.092,0.266
"4002",0.502,0,0.058,0.44
"1793",0.476,0.042,0.02,0.462
"8750",0.7,0.002,0.02,0.278
"5138",0.642,0.108,0.144,0.106
"6507",0.002,0.158,0.836,0.004
"468",0.04,0.102,0.858,0
"8626",0.514,0.07,0.034,0.382
"7778",0.018,0.208,0.77,0.004
"7763",0.54,0.072,0.212,0.176
"3811",0.628,0.004,0.01,0.358
"6490",0.008,0.28,0.71,0.002
"4806",0.448,0.034,0.038,0.48
"8342",0.468,0.006,0.002,0.524
"8049",0.444,0.03,0.104,0.422
"4880",0.498,0.026,0.102,0.374
"6853",0.086,0.054,0.858,0.002
"6172",0.026,0.198,0.776,0
"8552",0.44,0.01,0.01,0.54
"2117",0.468,0,0.018,0.514
"4588",0.01,0.398,0.592,0
"5939",0.098,0.274,0.584,0.044
"1489",0.476,0.016,0.138,0.37
"2968",0.544,0.068,0.3,0.088
"8206",0.518,0.07,0.214,0.198
"3285",0.264,0.132,0.184,0.42
"9092",0.94,0.002,0.008,0.05
"3843",0.404,0.026,0.048,0.522
"9142",0.682,0.006,0.01,0.302
"6725",0.358,0.12,0.23,0.292
"4499",0.364,0.05,0.174,0.412
"8188",0.126,0.35,0.458,0.066
"5095",0.694,0.016,0.004,0.286
"8264",0.516,0.07,0.136,0.278
"8262",0.464,0.132,0.17,0.234
"2512",0.468,0.016,0.044,0.472
"3368",0.644,0.016,0.002,0.338
"2484",0.898,0.01,0.028,0.064
"8159",0.056,0.208,0.704,0.032
"5352",0.546,0.038,0.14,0.276
"1833",0.682,0.008,0.192,0.118
"2401",0.018,0.274,0.708,0
"4959",0.642,0.012,0.008,0.338
"4960",0.34,0.008,0.02,0.632
"3167",0.1,0.088,0.782,0.03
"3894",0.85,0.022,0.014,0.114
"7016",0.03,0.248,0.708,0.014
"4686",0.512,0.01,0.022,0.456
"5957",0.444,0.032,0.012,0.512
"8504",0.498,0.006,0.008,0.488
"7879",0.124,0.06,0.794,0.022
"8809",0.71,0.018,0.19,0.082
"8741",0.538,0.004,0.01,0.448
"9162",0.636,0,0.004,0.36
"9450",0.52,0.038,0.02,0.422
"1568",0.32,0.164,0.412,0.104
"1510",0.278,0.362,0.148,0.212
"2442",0.392,0.074,0.19,0.344
"898",0.386,0.008,0.006,0.6
"1987",0.62,0.048,0.132,0.2
"8086",0.236,0.114,0.628,0.022
"2586",0.696,0.008,0.012,0.284
"8457",0.02,0.264,0.71,0.006
"477",0.034,0.116,0.838,0.012
"4063",0.458,0.008,0.01,0.524
"5494",0.54,0,0.058,0.402
"6466",0.344,0.016,0.052,0.588
"9372",0.726,0.024,0.004,0.246
"6837",0.534,0.014,0.07,0.382
"5531",0.436,0.09,0.014,0.46
"3888",0.108,0.152,0.646,0.094
"5538",0.57,0.006,0.012,0.412
"4228",0.616,0.024,0.094,0.266
"1527",0.044,0.134,0.812,0.01
"8477",0.394,0.098,0.108,0.4
"7422",0.646,0.004,0.012,0.338
"2129",0.008,0.08,0.912,0
"6903",0.502,0.008,0.026,0.464
"5119",0.512,0.014,0.076,0.398
"8305",0.43,0.008,0.04,0.522
"5888",0.626,0.004,0.066,0.304
"3389",0.312,0,0.002,0.686
"5680",0.438,0,0.016,0.546
"8932",0.44,0.05,0.176,0.334
"2420",0.738,0.002,0.01,0.25
"8237",0.114,0.238,0.532,0.116
"8130",0.466,0,0.028,0.506
"9185",0.476,0,0,0.524
"9184",0.512,0.006,0.008,0.474
"1089",0.598,0.034,0.004,0.364
"4060",0.02,0.31,0.666,0.004
"6471",0.052,0.298,0.634,0.016
"587",0.012,0.16,0.824,0.004
"1601",0.03,0.176,0.702,0.092
"994",0.53,0.024,0.136,0.31
"3005",0.274,0.124,0.276,0.326
"2238",0.496,0.028,0.094,0.382
"6985",0.462,0.076,0.222,0.24
"5561",0.422,0.012,0.186,0.38
"1481",0.28,0.174,0.32,0.226
"2834",0.028,0.416,0.52,0.036
"4106",0.002,0.07,0.928,0
"1890",0.554,0.018,0.094,0.334
"2489",0.37,0.052,0.444,0.134
"4702",0,0.096,0.904,0
"573",0.378,0.012,0.09,0.52
"2610",0.104,0.136,0.722,0.038
"1580",0.452,0.028,0.064,0.456
"5649",0.426,0.006,0.016,0.552
"4457",0.448,0.052,0.006,0.494
"3123",0.648,0.004,0.046,0.302
"1983",0.218,0.01,0.028,0.744
"6310",0.334,0.014,0.022,0.63
"1179",0.452,0.018,0.038,0.492
"1465",0.514,0.01,0.028,0.448
"2793",0.688,0.03,0.044,0.238
"3611",0.566,0.002,0.022,0.41
"8191",0.352,0.002,0.028,0.618
"8261",0.568,0.006,0.044,0.382
"8885",0.432,0.038,0.134,0.396
"3738",0.324,0.092,0.33,0.254
"8032",0.798,0,0,0.202
"7530",0.118,0.154,0.67,0.058
"6897",0.02,0.214,0.762,0.004
"4757",0.466,0.004,0.036,0.494
"6314",0.004,0.214,0.768,0.014
"8543",0.196,0.066,0.292,0.446
"746",0.048,0.204,0.732,0.016
"1570",0.272,0.098,0.146,0.484
"5860",0.044,0.212,0.722,0.022
"6406",0.572,0.006,0.028,0.394
"5072",0.346,0.024,0.05,0.58
"7989",0.4,0.002,0.006,0.592
"4554",0.558,0.064,0.026,0.352
"8377",0.408,0,0.002,0.59
"4723",0.246,0.192,0.504,0.058
"5949",0.052,0.41,0.532,0.006
"9403",0.498,0.022,0.036,0.444
"3057",0.504,0.002,0.004,0.49
"1486",0.416,0.024,0.04,0.52
"7248",0.464,0.092,0.076,0.368
"273",0.07,0.246,0.52,0.164
"1019",0.504,0.004,0.006,0.486
"3712",0.018,0.22,0.758,0.004
"8381",0.828,0,0.018,0.154
"1916",0.682,0.048,0.052,0.218
"7135",0.43,0.1,0.05,0.42
"6443",0.544,0.014,0.004,0.438
"3690",0.432,0.048,0.066,0.454
"37",0.252,0.06,0.032,0.656
"6764",0.066,0.108,0.81,0.016
"4142",0.018,0.232,0.738,0.012
"4482",0.248,0.09,0.048,0.614
"4719",0.246,0.034,0.054,0.666
"3109",0.446,0.006,0.01,0.538
"4467",0.648,0.04,0.066,0.246
"6789",0.268,0.008,0.038,0.686
"5311",0.29,0.046,0.032,0.632
"2934",0.242,0.068,0.094,0.596
"836",0.044,0.068,0.886,0.002
"907",0.546,0.036,0.104,0.314
"307",0.174,0.212,0.42,0.194
"8546",0.308,0.012,0.01,0.67
"9075",0.372,0.26,0.336,0.032
"2707",0.292,0.002,0.148,0.558
"550",0.332,0.01,0.012,0.646
"6798",0.31,0.012,0.05,0.628
"1848",0.478,0.15,0.064,0.308
"1773",0.148,0,0.004,0.848
"2745",0.24,0.13,0.096,0.534
"4121",0.156,0.012,0.01,0.822
"3860",0.644,0.038,0.032,0.286
"8742",0.186,0.166,0.26,0.388
"6362",0.008,0.246,0.724,0.022
"5654",0.226,0.002,0.01,0.762
"4088",0.384,0.012,0.12,0.484
"4267",0.014,0.158,0.79,0.038
"6411",0.006,0.098,0.878,0.018
"4005",0.386,0.012,0.024,0.578
"8884",0.504,0.008,0.076,0.412
"8767",0,0.132,0.868,0
"1633",0.062,0.284,0.562,0.092
"6374",0.328,0.008,0.014,0.65
"5135",0.572,0.042,0.038,0.348
"912",0.31,0.094,0.126,0.47
"7128",0.072,0.282,0.532,0.114
"4276",0.044,0.238,0.686,0.032
"8304",0.274,0.016,0.02,0.69
"9422",0.078,0.328,0.452,0.142
"4745",0.388,0.012,0.012,0.588
"523",0.068,0.356,0.514,0.062
"209",0.004,0.294,0.652,0.05
"8590",0.138,0.29,0.19,0.382
"7198",0.038,0.312,0.61,0.04
"5371",0.04,0.208,0.746,0.006
"2438",0.158,0.314,0.516,0.012
"4387",0.688,0.024,0.044,0.244
"7171",0.56,0.05,0.022,0.368
"5334",0.616,0.062,0.09,0.232
"5663",0.05,0.224,0.704,0.022
"5911",0.03,0.264,0.56,0.146
"5908",0.56,0.05,0.026,0.364
"4222",0.456,0.016,0.008,0.52
"527",0.532,0.058,0.04,0.37
"9231",0.24,0.134,0.156,0.47
"2901",0.322,0.23,0.036,0.412
"3645",0.352,0.102,0.072,0.474
"3644",0.286,0.006,0.006,0.702
"3403",0.306,0.096,0.078,0.52
"280",0.072,0.176,0.706,0.046
"839",0.128,0.21,0.23,0.432
"7710",0.184,0.094,0.194,0.528
"2688",0.032,0.232,0.714,0.022
"1940",0.392,0.062,0.19,0.356
"2828",0.07,0.418,0.468,0.044
"6730",0.61,0.002,0.002,0.386
"7740",0.192,0.004,0.01,0.794
"6896",0.004,0.566,0.43,0
"2927",0.1,0.006,0.006,0.888
"3025",0.262,0.004,0.012,0.722
"617",0.068,0.334,0.51,0.088
"7948",0.102,0,0.002,0.896
"8534",0.31,0.04,0.044,0.606
"7071",0.47,0.006,0.012,0.512
"3998",0.456,0.018,0.026,0.5
"7230",0.318,0.012,0.002,0.668
"4843",0.23,0.018,0.006,0.746
"5378",0.23,0.016,0.004,0.75
"1786",0.156,0.002,0.004,0.838
"3484",0.126,0.23,0.25,0.394
"5615",0.164,0.002,0.02,0.814
"4065",0.248,0.01,0.022,0.72
"4265",0.312,0.056,0.03,0.602
"5174",0.006,0.416,0.57,0.008
"6844",0.204,0.108,0.048,0.64
"4533",0.024,0.002,0.002,0.972
"2963",0.146,0.092,0.32,0.442
"7438",0.296,0.146,0.124,0.434
"295",0.052,0.188,0.7,0.06
"2592",0.596,0.04,0.024,0.34
"54",0.11,0.23,0.496,0.164
"59",0.002,0.166,0.832,0
"8312",0.204,0.1,0.206,0.49
"8576",0.064,0.174,0.66,0.102
"2353",0.522,0.012,0.02,0.446
"5045",0.292,0.008,0.024,0.676
"4737",0.026,0.226,0.744,0.004
"6589",0.73,0,0.006,0.264
"9123",0.01,0.358,0.624,0.008
"409",0.054,0.302,0.458,0.186
"1734",0.142,0,0.004,0.854
"1265",0.222,0.08,0.092,0.606
"1290",0.114,0.006,0.006,0.874
"6210",0.508,0.014,0.02,0.458
"6093",0.29,0.172,0.084,0.454
"4932",0.022,0.448,0.52,0.01
"2791",0.396,0.02,0.014,0.57
"4749",0.426,0.068,0.098,0.408
"1638",0.432,0.008,0.01,0.55
"7724",0.412,0.006,0.184,0.398
"4124",0.754,0.004,0.012,0.23
"4479",0.634,0,0.002,0.364
"7845",0.582,0.002,0.006,0.41
"3810",0.76,0.002,0.006,0.232
"7290",0.14,0.296,0.56,0.004
"4108",0.244,0.002,0.004,0.75
"6331",0.514,0.002,0.012,0.472
"7699",0.02,0.19,0.786,0.004
"5541",0.608,0.036,0.002,0.354
"3678",0.618,0.16,0.01,0.212
"6885",0.602,0.01,0.062,0.326
"2245",0.452,0.04,0.036,0.472
"5651",0.24,0.012,0.052,0.696
"6463",0.732,0.042,0.084,0.142
"1508",0.404,0.008,0.084,0.504
"8385",0.604,0,0.08,0.316
